5.228033353365384528e+01,5.192672926682692491e+01,3.182390174278846118e+01,4.545810783702909919e-01,8.410890590609282694e-03
5.385005308493590093e+01,5.339339593349358637e+01,3.289711738782051498e+01,4.524580480845839525e-01,8.612506078111294150e-03
5.521879557291666885e+01,5.489302233573717871e+01,3.467590144230769056e+01,4.526953013803459713e-01,8.868508616488123344e-03
5.042609074519230461e+01,5.071775691105769113e+01,3.277635516826923379e+01,4.333304923386190333e-01,1.159419289955048761e-02
5.116066055689102399e+01,5.182883263221153669e+01,3.435273437499999716e+01,4.255716658230930260e-01,1.299856586941350832e-02
5.399650590945513073e+01,5.462026642628205053e+01,3.572805488782051242e+01,4.346782072090282778e-01,1.211651245023217562e-02
5.607880058092948872e+01,5.613757311698717700e+01,3.612306340144230887e+01,4.441188452452337065e-01,1.094731161384370627e-02
5.328208433493589524e+01,5.377944160657051498e+01,3.492278145032051384e+01,4.496489161676726631e-01,1.088372655562540661e-02
4.881588191105769425e+01,5.011476812900640709e+01,3.362674779647436196e+01,4.380474149590513067e-01,1.330092201867271416e-02
5.006157451923076707e+01,5.055363030849358807e+01,3.325276893028846104e+01,4.471508948180669130e-01,1.253726108995210572e-02
5.910852964743589411e+01,6.223449669471153811e+01,4.544134765625000227e+01,3.746718035465910757e-01,2.032371354668738653e-02
5.930792818509615216e+01,6.164976562500000057e+01,4.395846153846154181e+01,3.805114636033933850e-01,1.775616670877748146e-02
5.813930238381410476e+01,6.571019681490385267e+01,5.504467347756410334e+01,3.386098899899027126e-01,2.085812484725611815e-02
5.818015875400641335e+01,6.575056340144230660e+01,5.523871844951923293e+01,3.348713969682886593e-01,2.032937319862374373e-02
4.564315955528846303e+01,5.015130709134615472e+01,4.041490284455128545e+01,3.449974141920287285e-01,2.100763508993055625e-02
5.376008814102564060e+01,6.429711187900640823e+01,6.335339242788461434e+01,2.937974707701848653e-01,2.880549955377416718e-02
5.925226161858974194e+01,6.445150090144230148e+01,5.082968149038461547e+01,3.637569231810250381e-01,1.475293497536648082e-02
6.214742137419872137e+01,6.682026392227564315e+01,5.222409505208333513e+01,3.630549421428107548e-01,1.422596875588821343e-02
6.335433693910256636e+01,7.342419821714743478e+01,6.132857522035256181e+01,3.303126942501481422e-01,1.821580169668450197e-02
5.912070162259615103e+01,6.692217998798076906e+01,5.766382061298077133e+01,3.132678781704039683e-01,1.597021213616301935e-02
7.510048277243589609e+01,8.590411858974358950e+01,7.401775791266025806e+01,3.130289198345450052e-01,2.596010149345126874e-02
7.485930789262820895e+01,8.580934945913460865e+01,7.397859675480769681e+01,3.133461228393404907e-01,2.569270021167447890e-02
5.979293419471154181e+01,6.775346604567307907e+01,5.827320863381410021e+01,3.149420250578482405e-01,1.540566010329946084e-02
6.032360176282051611e+01,6.811524489182691866e+01,5.812571915064102512e+01,3.148127041332163256e-01,1.512204672498700803e-02
6.129686999198717956e+01,6.891228465544871540e+01,5.864073116987179191e+01,3.142917296877670852e-01,1.527265690940095115e-02
5.737475360576922867e+01,6.119287309695512533e+01,4.479908303285256466e+01,3.842831154986224296e-01,1.921726473599255636e-02
5.738497495993589581e+01,6.127249549278845819e+01,4.498533754006410135e+01,3.818309359628936916e-01,1.862246888311336682e-02
5.989456680689102797e+01,6.803474358974358438e+01,5.870842998798077161e+01,3.163534015805219979e-01,1.556351129199912489e-02
6.127968800080127920e+01,6.918304487179487694e+01,5.899506410256410049e+01,3.133461108069499623e-01,1.507466350104678075e-02
5.833484425080128233e+01,6.208450971554486841e+01,4.573469601362179304e+01,3.829687549265979318e-01,1.945316375775596809e-02
5.830363531650640851e+01,6.211518880208333115e+01,4.571894781650640738e+01,3.824168734651302581e-01,1.965168928417464905e-02
8.698063401442307452e+01,9.503786808894230376e+01,7.262465444711538964e+01,3.320588580356550468e-01,1.393238332692347051e-02
6.678464042467948047e+01,7.232070913461538453e+01,5.785513221153846075e+01,3.613053927784478092e-01,1.473503680467719117e-02
7.959994641426281703e+01,8.941743139022436537e+01,7.667353365384614960e+01,3.295341130811734187e-01,1.502986782586570279e-02
6.183576522435897260e+01,6.744216446314102598e+01,5.430952223557692093e+01,4.116244430132538490e-01,1.480135482858700377e-02
8.387193559695512590e+01,1.000012459935897482e+02,9.166805188301282215e+01,2.598633876766844319e-01,1.894623822634498508e-02
8.152046724759615870e+01,9.734669270833333599e+01,9.007767277644231285e+01,2.800335905880247944e-01,1.820448826592561270e-02
2.698685346554487197e+01,3.151635116185897445e+01,2.706111728766025593e+01,4.210177339872181457e-01,3.397125576843147005e-02
1.347182792467948786e+01,1.699066406249999872e+01,1.721242688301282087e+01,4.555931195426883851e-01,1.090310875603145713e-01
1.348956029647435884e+01,1.705657702323717828e+01,1.724384715544871938e+01,4.693346509360322716e-01,1.074760980360898732e-01
7.800637152777777317e+01,9.900596354166667368e+01,1.040013769531250034e+02,3.571962481158287295e-01,5.712469483045137797e-02
7.861233181423611427e+01,9.974730034722222172e+01,1.042669270833333286e+02,3.480473509427343126e-01,5.123338102279053480e-02
7.935722764756944514e+01,1.006858930121527749e+02,1.051236881510416623e+02,3.404072721135523172e-01,4.820402560528638108e-02
1.075413107638888874e+02,1.264674956597222177e+02,1.253365592447916725e+02,2.506518406356613715e-01,3.761859816097290476e-02
8.311302951388888971e+01,9.748359700520833826e+01,9.680435112847222001e+01,2.353285371050727881e-01,2.803377113439449800e-02
7.722288302951389483e+01,9.191913302951388687e+01,9.236408311631944912e+01,2.365032076070011369e-01,2.699203821293846145e-02
7.041388997395833371e+01,8.315346462673610972e+01,8.197933376736111200e+01,2.473903621991841995e-01,3.164634315669719034e-02
5.669814670138888602e+01,7.201869466145832632e+01,7.003140407986110461e+01,4.222274826156827143e-01,1.243507609091165228e-01
5.236699978298611313e+01,6.532578450520833258e+01,6.301427842881944485e+01,2.650358073474645693e-01,2.470821641393147056e-02
5.772091471354166714e+01,7.686351345486110631e+01,7.485187934027777601e+01,4.583872413669466961e-01,9.920790721316047334e-02
5.607282118055555742e+01,7.550625108506945082e+01,7.647154947916666856e+01,4.545881141981573115e-01,8.921551814820115334e-02
5.281327907986111114e+01,6.838866753472221660e+01,6.995325412326388914e+01,4.561600495688489243e-01,9.298936768968141253e-02
4.760017795138888630e+01,6.494831922743055941e+01,6.585652018229166060e+01,4.863863977853402076e-01,9.514859503378182704e-02
4.139616970486110858e+01,6.269853298611111114e+01,6.688414171006944287e+01,5.613019282172362345e-01,9.423767118053065495e-02
4.846614474826388630e+01,7.137706380208332746e+01,7.480876736111110858e+01,5.060052647105413026e-01,8.824654137935820930e-02
7.096858723958332860e+01,9.003191514756944969e+01,8.815707682291666458e+01,3.143236612109278627e-01,3.364107877659987950e-02
9.013536349826388516e+01,1.117368066406250051e+02,1.116333940972222223e+02,2.538251133708296359e-01,2.113449315620207283e-02
6.617473307291666629e+01,8.432988498263888744e+01,8.334664279513889085e+01,3.314459940070424437e-01,4.194358491456725430e-02
3.055334743923611285e+01,4.527989257812500057e+01,4.492673828125000313e+01,4.118606067679457250e-01,4.222315285092816811e-02
3.025010633680555472e+01,4.498921332465278056e+01,4.552764431423611313e+01,4.247306620079902562e-01,4.816721511396887534e-02
4.186826171874999858e+01,5.878185763888888715e+01,5.889341688368055827e+01,3.772937449735835891e-01,3.611739409756335034e-02
2.752887803819444557e+01,4.569579210069444741e+01,4.941093315972221944e+01,5.047183046240626414e-01,4.183566143066547172e-02
5.448605034722222484e+01,7.325240668402777544e+01,7.265753363715278113e+01,3.555312668347087035e-01,4.263329852973268830e-02
4.928129882812500284e+01,6.905177625868056168e+01,7.268099175347222740e+01,4.410195959749139694e-01,6.777506708720668072e-02
6.136157443576389170e+01,8.152779405381944855e+01,8.163158637152777430e+01,3.376345883688020022e-01,3.973045900623303761e-02
6.010083224826389170e+01,7.691552083333333201e+01,8.047500651041666231e+01,3.551942879127553687e-01,3.796780964984660528e-02
3.832839952256944116e+01,5.546517252604166970e+01,5.412830078124999744e+01,4.096216866945833202e-01,4.996058415572188216e-02
4.999758246527778027e+01,6.988034939236111143e+01,7.062690755208333826e+01,4.043123674396852940e-01,5.574074705763802651e-02
7.149026692708333997e+01,9.059534396701388914e+01,9.177002278645832689e+01,3.154775524731436853e-01,3.346270639481206677e-02
3.737698133680555657e+01,5.537595160590277743e+01,5.350640516493055543e+01,4.481866300030981076e-01,7.104478709832623418e-02
3.451325954861111001e+01,5.230987521701388943e+01,5.077889973958333059e+01,4.674450569851077431e-01,6.910964790467404029e-02
3.576081922743055230e+01,5.277709960937500000e+01,5.097258463541666629e+01,4.039400563199829208e-01,4.302172037029333707e-02
3.404085720486111200e+01,4.857000976562500227e+01,4.499454427083333030e+01,4.023567642409841549e-01,5.907703562058726904e-02
2.592201822916666742e+01,4.385539713541666629e+01,4.645767686631944571e+01,4.929774285061691574e-01,3.314338904313336026e-02
3.139796223958333243e+01,4.677819552951388715e+01,4.790213433159722456e+01,4.198564103930211844e-01,4.170260186819479270e-02
5.370848524305555571e+01,7.412731336805555316e+01,7.559243272569445082e+01,3.762995006118855512e-01,3.955813746576355289e-02
5.438059461805555372e+01,7.491467990451388914e+01,7.647101562500000682e+01,3.740632603208859930e-01,3.902524007512546411e-02
5.451961914062499659e+01,7.500691189236111711e+01,7.660611002604166231e+01,3.727552883933187289e-01,3.877931213469861665e-02
3.315312500000000284e+01,4.726618055555555742e+01,4.700614583333333485e+01,3.701951008898741735e-01,3.482315590586747972e-02
5.603021484375000227e+01,7.492203559027777260e+01,7.499567925347221831e+01,3.107147840370614866e-01,2.410080576560523491e-02
5.654714735243055657e+01,7.525993923611110858e+01,7.552744683159721717e+01,3.063116072781495447e-01,2.350711051089584766e-02
3.142097981770833215e+01,4.636202148437499915e+01,4.485797634548610802e+01,4.016650596120358574e-01,4.039151734862463095e-02
3.171066840277777743e+01,4.648063368055555600e+01,4.503093532986110858e+01,3.962323755585296370e-01,3.896420184268822168e-02
3.270774197048611143e+01,4.736158528645833599e+01,4.612923719618055429e+01,3.900493469401160596e-01,4.015786746569190158e-02
3.021198676215277601e+01,5.018389214409722143e+01,5.317942057291666913e+01,5.199409903526427401e-01,6.779144878717524580e-02
3.145534613715277672e+01,5.025805772569444230e+01,5.439754665798611200e+01,5.032377960899431235e-01,6.607917034693028269e-02
4.202187065972222513e+01,5.784805772569444571e+01,5.642095377604166373e+01,3.437690379591277212e-01,7.818427001588634795e-02
4.275264756944444144e+01,5.849537651909722058e+01,5.732307074652777601e+01,3.289837143790125817e-01,7.355228859598554603e-02
6.906471679687500398e+01,8.677912109375000682e+01,8.901145290798611143e+01,3.056380264034606054e-01,3.290955044567652615e-02
4.052970703124999829e+01,5.628117513020833229e+01,5.508862738715277629e+01,3.469904857028220935e-01,8.232716250595684127e-02
3.577302300347222541e+01,5.065775499131944315e+01,4.934097981770833030e+01,3.667215984432272702e-01,3.429078965866538820e-02
4.109132269965277828e+01,5.666022677951389142e+01,5.526651909722222200e+01,3.428419239177746825e-01,7.937502097132138890e-02
3.564903103298610887e+01,5.060488606770833542e+01,4.929803927951388687e+01,3.717163205200777476e-01,3.527543676413429086e-02
4.104613172743055571e+01,5.695520290798611285e+01,5.593219618055555742e+01,3.499231641571874385e-01,8.228345326085990952e-02
3.994290581597222456e+01,5.528351236979166572e+01,5.415991644965277629e+01,3.384173790155076689e-01,7.797109467446368403e-02
3.578380642361111086e+01,5.068319878472222229e+01,4.922819118923611370e+01,3.739008144046214732e-01,3.862092808999195714e-02
3.611504448784722143e+01,5.087062174479166998e+01,4.953652126736110972e+01,3.666227537724217611e-01,3.570430069069139428e-02
6.092224283854166345e+01,8.080068576388889312e+01,7.810929687499999829e+01,3.415222617922474280e-01,5.224937730083408643e-02
6.027148763020833400e+01,8.009880099826388289e+01,7.786440104166666742e+01,3.441299338167241872e-01,5.184192939794974447e-02
4.373378472222222513e+01,5.897709418402777715e+01,5.769693142361111171e+01,3.583430745252930705e-01,8.909103265290814477e-02
4.105440972222222484e+01,5.552734483506944230e+01,5.388489366319444684e+01,3.062676964918749634e-01,2.241611033532274824e-02
4.571502061631944258e+01,5.997148871527777914e+01,5.672665039062499659e+01,2.673001702995417839e-01,1.612304980400797172e-02
3.401187500000000341e+01,4.615896158854166487e+01,4.551547309027777999e+01,4.205041252820928555e-01,1.400856042242875354e-01
5.008564573688271793e+01,4.552711998456790354e+01,3.762428819444444628e+01,2.620270579433427449e-01,6.333214515278129397e-03
4.597810040509259011e+01,4.151895447530863947e+01,3.492678288966049394e+01,2.535791025645954266e-01,6.666546226686530414e-03
4.385497878086420087e+01,3.998273726851851961e+01,3.416781105324074019e+01,2.425601327494799897e-01,7.437289558248048188e-03
4.378248360339506462e+01,4.033014371141975118e+01,3.503060281635802653e+01,2.294488255038570901e-01,7.197998039942989611e-03
5.205400366512346011e+01,4.884687162422839179e+01,4.274840326003086233e+01,2.155182405912877686e-01,7.658935196374661719e-03
5.232912712191357940e+01,4.913163773148148294e+01,4.290210937500000199e+01,2.147767274940781401e-01,7.858933279484680429e-03
5.350285542052468912e+01,5.025193045910494050e+01,4.381660927854938592e+01,2.138044158084888013e-01,7.411238772133606732e-03
5.133079812885802795e+01,4.789961660879629335e+01,4.168769820601851706e+01,2.207389583689235990e-01,7.361351357198287794e-03
5.366768422067901412e+01,5.021792100694444372e+01,4.331625192901234556e+01,2.220970521173858681e-01,6.808948957010365483e-03
5.449518856095679098e+01,5.101388695987654387e+01,4.407142409336420030e+01,2.249621578281338630e-01,7.443043533136750774e-03
5.215498119212963246e+01,4.870604311342592752e+01,4.213409866898147982e+01,2.308662739892113624e-01,8.537529364053044953e-03
5.793825231481481808e+01,5.545942901234568012e+01,4.825714216820987446e+01,2.065227824980739313e-01,7.529864369720582103e-03
5.818209201388889085e+01,5.518369791666666657e+01,4.767225356867283637e+01,2.133738920652143156e-01,8.861000024996899468e-03
5.481563319830247138e+01,5.267758487654320732e+01,4.547727430555555372e+01,2.394541472791931469e-01,1.410070424340386167e-02
5.413686439043210186e+01,5.181812789351852189e+01,4.468713879243826881e+01,2.419818663031652051e-01,1.426198924630576841e-02
5.363197627314814753e+01,5.165544511959876672e+01,4.417784239969135740e+01,2.430530245150074320e-01,1.388468772215913603e-02
5.805489872685185304e+01,5.615260513117284091e+01,4.845337191358024853e+01,2.339878722175421366e-01,1.353229139881138680e-02
5.722642071759259608e+01,5.511150607638889198e+01,4.758753954475308490e+01,2.334797314590697781e-01,1.367631804606012774e-02
5.728351321373456528e+01,5.506924334490740591e+01,4.758044126157407305e+01,2.397261929003051406e-01,1.327541858138624534e-02
5.626443865740741046e+01,5.423607494212962621e+01,4.573059799382716051e+01,2.495996640739646388e-01,1.516760198576689277e-02
5.437965663580246911e+01,5.223155815972221916e+01,4.509897665895061891e+01,2.334556940443539563e-01,1.287539584877079452e-02
5.444685426311728094e+01,5.243501398533950919e+01,4.503112943672839208e+01,2.412686344356331780e-01,1.390361597698964481e-02
5.559564959490740677e+01,5.354948640046296049e+01,4.632646267361111114e+01,2.370570112501717008e-01,1.381341481766112239e-02
5.487425202546296532e+01,5.273364535108024853e+01,4.556864052854938052e+01,2.390948996140199734e-01,1.432614886032657943e-02
5.574728925540123470e+01,5.380745997299382566e+01,4.620959104938271622e+01,2.355124536486607190e-01,1.321706170581664341e-02
5.637925395447530974e+01,5.458326919367284091e+01,4.721559220679012014e+01,2.325458935925275861e-01,1.410299624216687121e-02
5.668156346450617633e+01,5.485867187499999886e+01,4.757987654320987758e+01,2.305092812896039067e-01,1.365756188441068220e-02
5.790189477237654359e+01,5.608974295910493879e+01,4.776215615354938393e+01,2.426625557487002427e-01,1.869119471390311496e-02
5.273142554012345329e+01,5.157406780478395092e+01,4.444998505015431789e+01,2.327076204231918743e-01,1.561099247803366709e-02
5.306482783564814554e+01,5.176784915123456443e+01,4.479231095679012498e+01,2.315663730373684892e-01,1.583878633931664476e-02
5.356599826388888630e+01,5.172863425925925895e+01,4.271931182484567557e+01,2.841136868683363237e-01,2.016922246745082511e-02
5.120504726080246627e+01,4.905069106867284034e+01,3.992347656249999943e+01,2.957305935054299617e-01,2.168668748553794282e-02
5.246734519675926123e+01,5.050150511188271452e+01,4.149679591049383021e+01,2.879737035443943327e-01,2.107693451936265214e-02
5.378881317515432414e+01,5.201702546296296248e+01,4.287384403935185162e+01,2.848733509468874270e-01,2.050112940875804465e-02
5.440639371141975289e+01,5.132367910879629846e+01,4.308884355709876246e+01,2.639489908640492155e-01,1.482570255794669022e-02
5.403147714120370182e+01,5.199213734567901213e+01,4.454430410879629676e+01,2.405879847319745413e-01,1.385713633293899662e-02
5.418341869212962791e+01,5.203168547453703496e+01,4.474421826774691624e+01,2.387318990999699464e-01,1.356279628701329357e-02
5.576946325231481438e+01,5.269164592978395234e+01,4.434455246913580595e+01,2.608895679184884964e-01,1.606258842366288520e-02
5.349309510030864345e+01,5.112663580246913853e+01,4.429658275462963246e+01,2.389670203634646495e-01,1.371077653060006306e-02
5.414065827546296106e+01,5.128134837962962678e+01,4.426901620370370694e+01,2.394022247900267353e-01,1.322707806510673226e-02
5.238719666280864118e+01,4.939365065586419945e+01,4.239898003472222143e+01,2.455009598332815735e-01,1.386488010292847260e-02
5.286545910493827449e+01,4.981880063657407476e+01,4.291813319830247053e+01,2.448315913955030343e-01,1.367039057802901976e-02
5.406807822145061948e+01,5.133612654320987900e+01,4.424754533179012128e+01,2.365140506154610467e-01,1.337846035114592831e-02
5.616691984953703809e+01,5.377886766975308319e+01,4.648329185956789900e+01,2.433326741580709163e-01,1.409741072039816419e-02
5.638799913194444713e+01,5.397724681712963246e+01,4.671732687114197802e+01,2.426052901735699652e-01,1.424262803332724397e-02
5.697351755401234641e+01,5.554973042052468912e+01,4.758443624614197631e+01,2.424972894031854620e-01,1.717477198591915027e-02
5.743417486496913682e+01,5.586711178626543273e+01,4.846643518518518334e+01,2.358531837864583647e-01,1.507974325985344567e-02
7.266990740740740584e+00,9.370754726080246400e+00,1.044632908950617356e+01,2.349809346589294412e-01,7.560953787575490359e-02
4.220497444058641889e+01,4.924506172839506490e+01,5.304629629629629761e+01,2.222557528252344927e-01,2.377923670950121693e-02
4.108177517361111342e+01,4.659835889274691567e+01,4.725471305941358224e+01,1.677020731974628864e-01,1.046807446339488232e-02
3.883554542824074218e+01,4.598310908564814525e+01,5.065345244984568041e+01,2.859744661263631804e-01,1.901379229733750342e-02
4.277605034722222399e+01,4.849130883487654131e+01,4.747379147376543074e+01,1.614398681119879053e-01,4.743677081411381072e-03
4.133551842206789928e+01,4.676228925540123527e+01,4.643254002700617633e+01,1.583453514204030688e-01,6.279815418731614710e-03
3.511921344521604738e+01,4.090019724151234470e+01,4.524055410879629591e+01,2.867298040474754450e-01,1.708543998259564115e-02
3.703335262345679268e+01,4.300605131172839179e+01,4.682692901234567984e+01,2.731315377337827366e-01,1.502401736964133379e-02
4.038392939814814753e+01,4.646350115740740705e+01,4.650583912037036782e+01,1.733462470734941918e-01,8.861385924958510227e-03
3.455959249614197404e+01,3.984364535108024796e+01,4.306286795910493481e+01,2.461718967843820882e-01,1.914839516791193991e-02
3.459304253472222257e+01,3.971036892361111370e+01,4.315473234953703496e+01,2.468546166679091158e-01,1.917672831145617041e-02
4.265853539737654643e+01,4.925549334490740705e+01,4.909757667824074190e+01,1.616775784061316723e-01,6.883828710165207712e-03
4.189157455632715710e+01,4.849810233410493510e+01,4.828091483410494078e+01,1.663338552991827368e-01,7.134129071829237341e-03
3.636331934799382992e+01,4.168108458719135712e+01,4.569635271990740932e+01,2.473502386945979348e-01,1.922301718534950507e-02
3.903211660879629363e+01,4.507730420524691084e+01,4.937217110339506121e+01,2.542991052621335624e-01,1.850010729486868330e-02
3.690855613425925696e+01,4.176229263117284063e+01,4.360731192129629363e+01,2.348293444476581282e-01,1.387717541005330582e-02
4.021321373456790127e+01,4.591451195987654188e+01,4.607775462962963076e+01,1.700849701898013988e-01,1.065238258570238433e-02
3.657294994212963246e+01,4.178059847608025024e+01,4.547977478780864402e+01,2.594589952250448972e-01,1.877231671225954024e-02
3.589750626929012611e+01,4.129398389274691539e+01,4.521837818287036725e+01,2.637097548453050111e-01,1.871189382659147957e-02
4.114862606095679354e+01,4.804677613811728065e+01,5.053349681712963104e+01,2.449842703885045936e-01,1.581097419303752888e-02
3.727725067515432045e+01,4.270028356481481779e+01,4.614194444444444798e+01,2.334216601754695586e-01,1.793181168640495607e-02
3.339599537037037180e+01,3.908661554783950720e+01,4.370649594907407476e+01,2.738648630106517712e-01,2.014391655821890642e-02
3.992934365354938109e+01,4.560775993441357912e+01,4.841734133873456614e+01,2.467347836272372197e-01,1.807441391507931538e-02
4.035732060185185333e+01,4.618924672067901582e+01,5.019974440586419462e+01,2.333895284134194503e-01,2.019186439038979028e-02
3.985410590277777487e+01,4.682212432484568154e+01,4.913865210262345329e+01,2.504161564232986192e-01,1.387647261382916539e-02
5.263869454089505950e+01,6.169749662422839265e+01,6.293920958719135683e+01,2.030611134322022615e-01,1.509452485455179890e-02
3.749785590277777914e+01,4.392981192129629875e+01,4.427228105709876615e+01,1.756057107554928054e-01,1.292039857842492215e-02
3.601215470679012043e+01,4.276810088734568183e+01,4.820196421682098986e+01,2.753087493820809417e-01,2.100576640715689711e-02
4.397316743827160224e+01,5.074560570987654273e+01,4.964114004629629306e+01,1.605878171799183241e-01,8.957462347537118244e-03
4.395757619598765586e+01,5.230535204475308575e+01,5.484497781635802482e+01,2.473035465963042412e-01,2.359892068689715613e-02
4.205987943672839435e+01,4.883001591435185418e+01,4.994052517361111398e+01,1.802698501107540541e-01,1.467251880319788392e-02
4.139178240740740478e+01,4.785568865740740563e+01,4.898817322530864260e+01,1.781487537478976257e-01,1.539459493850798416e-02
5.063323784722221887e+01,5.995554301697530519e+01,6.347896701388889085e+01,2.536733593486697469e-01,1.652538113090745373e-02
4.163877073688271935e+01,4.839864149305555685e+01,4.950357590663580254e+01,1.829932284623954075e-01,1.497844691345009624e-02
5.186271604938271906e+01,6.064468508873456898e+01,6.134480854552469253e+01,1.933054139129580795e-01,1.374222289328656289e-02
3.821856915509259522e+01,4.429621817129629591e+01,4.734678722993827193e+01,2.564636629892005915e-01,1.371015932275180919e-02
4.681752363040123299e+01,5.392294029706790326e+01,5.275034191743826995e+01,1.526217871852766361e-01,7.142028586076161478e-03
5.430228780864197802e+01,6.369032986111110972e+01,6.460268518518518022e+01,1.932135120280596141e-01,1.356617699427389509e-02
3.656724633487654330e+01,4.263441454475308490e+01,4.438191647376542903e+01,2.268133317343970778e-01,1.487776234140612309e-02
4.499359375000000227e+01,5.173731481481481609e+01,5.051421296296296504e+01,1.558699063005799801e-01,7.966842822267332369e-03
5.289035976080246826e+01,6.231138744212962877e+01,6.339247492283950436e+01,2.022496400049945131e-01,1.492406989473255702e-02
3.214023582175926208e+01,3.506214554398147953e+01,3.506107880015431988e+01,2.870268396786626597e-01,3.708928558757959570e-02
3.204273196373456756e+01,3.487034770447530718e+01,3.478475935570987332e+01,2.871388574559559648e-01,3.742067863520782273e-02
4.117014033564814923e+01,4.787734133873456699e+01,5.242098910108024512e+01,2.383655691238598107e-01,2.048230851572104341e-02
3.760147521219136024e+01,4.381229021990741046e+01,4.580490596064814923e+01,2.392167293872329015e-01,1.461999694253977335e-02
4.124583092206790269e+01,4.791181664737653989e+01,5.102034818672839833e+01,2.511107985676362953e-01,1.363389942883873850e-02
4.314418402777777573e+01,5.083482735339506320e+01,5.068826871141975232e+01,1.781136394024024905e-01,1.173061466509513207e-02
4.716895833333333599e+01,5.543590856481481666e+01,5.535986111111110830e+01,2.098350235378874384e-01,1.329680896014111269e-02
2.157152295524691255e+01,2.167876253858024782e+01,1.988834394290123342e+01,1.804145675024296513e-01,1.660762698626828265e-02
4.942649305555555372e+01,5.820457754629629932e+01,5.992360532407407447e+01,2.132501138382814632e-01,1.447925469938793168e-02
3.972473765432098958e+01,4.627000723379629932e+01,5.114501639660493737e+01,2.527811132432625230e-01,2.061012718981652253e-02
3.675691454475308717e+01,4.239833767361110972e+01,4.510084346064815009e+01,2.544910534670410951e-01,1.588564440388193916e-02
5.095832465277777601e+01,6.037252748842592354e+01,6.246737316743827506e+01,2.064097356021645235e-01,1.492400755522254284e-02
5.035839843750000000e+01,5.911603491512345698e+01,6.080288290895061465e+01,1.986270536310181800e-01,1.382060507271393700e-02
5.273306423611111171e+01,6.167809702932098759e+01,5.975228877314814468e+01,1.567190648594798397e-01,5.169045435210664965e-03
3.875448543595678785e+01,4.536604407793210214e+01,4.755503713348765160e+01,2.425962549683811087e-01,1.312424994425275861e-02
5.320556809413579913e+01,6.299667004243827506e+01,6.500658902391975857e+01,1.992062631736022937e-01,1.327148193463808037e-02
4.846436824845679325e+01,5.649136284722222001e+01,5.509210165895061806e+01,1.630557347437671389e-01,7.784948888300629970e-03
5.354322386188271565e+01,6.321094955632715795e+01,6.502819106867283949e+01,1.962222611913557735e-01,1.325735858752333934e-02
5.010590711805555486e+01,5.926105565200617065e+01,6.228207224151234556e+01,2.477520769269399015e-01,1.694297867019964668e-02
6.321347405849358836e+01,7.910879106570513386e+01,1.028587710336538521e+02,3.506386867017290410e-01,9.245478042640047078e-02
5.751339192708333314e+01,7.070240534855768999e+01,9.225948167067308248e+01,3.486544186627867914e-01,8.300419301012207374e-02
3.988725360576923151e+01,4.897455829326923293e+01,6.786023988381410277e+01,3.767013458352197475e-01,9.382722061265068303e-02
5.455860076121794577e+01,6.721277544070512988e+01,8.809454477163461661e+01,3.572699822254875590e-01,8.709350283875980092e-02
5.280635416666666515e+01,6.519034655448717785e+01,8.537875100160256636e+01,3.587759422502596607e-01,8.830170213108330668e-02
2.093384314903846288e+01,2.411803084935897346e+01,4.261014022435897175e+01,3.967330000310071436e-01,8.541120675906824222e-02
1.915526191907051157e+01,2.516608874198717771e+01,3.952645082131409993e+01,3.202066770940238949e-01,8.488992589358913821e-02
1.953983573717948730e+01,2.578483273237179318e+01,4.631132562099359262e+01,3.974007491235355127e-01,8.953268705558575791e-02
2.453408553685897431e+01,2.763346103766025763e+01,4.687981670673077161e+01,3.748814611436907529e-01,7.442561715953928403e-02
2.900225460737179617e+01,3.517553185096154067e+01,5.397971804887820468e+01,3.738093451743332851e-01,8.511797738464232932e-02
2.499936949118589880e+01,3.165118239182692150e+01,5.016734525240384812e+01,4.079543196860506149e-01,1.057682318514059361e-01
4.207987680288461263e+01,4.725726462339743250e+01,6.299565604967948929e+01,2.361831192436620597e-01,2.774383590264803759e-02
2.694768479567307651e+01,3.323443960336538794e+01,5.598505859374999716e+01,3.606455276721939329e-01,7.751575408330334260e-02
2.806383964342948545e+01,3.472333984374999716e+01,5.416001752804487523e+01,3.874319915400131764e-01,8.862510824809290144e-02
2.378049829727564202e+01,2.717458533653846331e+01,4.593661408253205281e+01,3.820844544154048394e-01,7.933310856188274807e-02
2.464761568509615230e+01,2.719950671073717885e+01,4.434668419471153555e+01,3.600272267388854863e-01,6.935602652794206624e-02
2.766996544471153996e+01,3.378157301682692548e+01,5.480594401041666686e+01,3.427280048448975158e-01,7.139243442788537064e-02
1.441760316506410255e+01,1.868490134214743748e+01,3.672847005208333115e+01,4.404025970469757079e-01,9.771752494527397026e-02
1.630009064503204996e+01,2.275088641826923208e+01,4.218726762820512732e+01,4.768657108329068528e-01,1.159589194714066018e-01
1.399235276442307629e+01,1.817538461538461547e+01,3.550807041266025976e+01,4.368746688411537793e-01,9.703594256428418885e-02
2.919058593749999986e+01,3.433884314903846047e+01,5.215966796875000000e+01,3.119051169874790252e-01,5.986483718584099945e-02
1.918726963141025621e+01,2.222830779246794819e+01,4.216692808493589695e+01,4.294671585849307860e-01,8.688151890046352799e-02
2.809533353365384656e+01,3.325814753605769170e+01,5.044553685897435713e+01,3.188169355227278845e-01,6.539903853611939155e-02
2.067386318108974308e+01,2.220998147035256309e+01,3.433586288060897118e+01,3.497708809040618316e-01,6.446015021044276816e-02
1.796153094951922924e+01,2.228611478365384713e+01,3.631686047676281959e+01,4.087721529998808445e-01,8.300311709184600428e-02
3.263876752804487325e+01,4.195248247195512903e+01,6.798137770432691696e+01,3.987203805944088963e-01,7.643657474199652690e-02
2.776106720753205082e+01,3.506528695913461746e+01,5.489535957532051214e+01,3.292329550819717010e-01,6.246145341558165948e-02
2.586952674278846231e+01,3.376700971554487296e+01,5.288526642628205110e+01,3.598181607553191386e-01,6.744370399144328232e-02
2.222749298878204982e+01,2.864071264022435770e+01,4.726799078525640851e+01,3.536176945799603399e-01,7.029494745679892853e-02
1.200231470352564145e+01,1.768316907051282172e+01,3.259766125801282044e+01,4.785392541642705111e-01,1.019062976948819921e-01
3.343850210336538709e+01,4.685161508413461462e+01,8.292240584935898084e+01,4.653052540088211120e-01,1.067467354620550563e-01
2.769230318509615429e+01,3.655166816907050986e+01,6.371920622996795203e+01,3.969188534879746766e-01,1.029093906689032417e-01
3.050175030048076863e+01,3.905761768830128489e+01,5.806143930288461519e+01,3.313748269795749879e-01,6.545139749204090251e-02
2.788173427483974365e+01,3.693727514022435798e+01,6.347302283653846189e+01,3.940396263037563296e-01,1.020999461207066916e-01
2.772769080528846075e+01,3.671189152644230802e+01,6.276584785657050958e+01,3.917601063810519646e-01,1.010368608824542686e-01
2.788558844150641036e+01,3.692885416666666742e+01,6.295258864182692093e+01,3.910108083341916063e-01,1.005620643078900395e-01
2.788356320112179532e+01,3.668327073317307452e+01,6.268073517628204883e+01,3.899692987745668749e-01,9.800446117233001242e-02
2.871274789663461391e+01,3.458310697115384613e+01,5.213833133012820298e+01,3.061973626605094534e-01,5.893649177404918643e-02
2.287925330528846146e+01,2.987049078525641121e+01,4.842817858573717871e+01,3.734528243954820526e-01,7.267107417559252880e-02
2.291018179086538353e+01,2.975991786858974208e+01,4.863029947916666629e+01,3.756973389589873258e-01,7.295637096224884266e-02
2.837578425480769084e+01,3.718153946314102853e+01,6.452608874198718070e+01,3.906379351264631650e-01,9.763806687309362076e-02
2.242382011217948801e+01,2.423444961939102527e+01,3.687006810897435827e+01,3.215003635262172477e-01,6.556525413276262371e-02
2.332236027644230703e+01,2.511273637820512761e+01,4.046070612980768999e+01,3.421302721411381698e-01,7.015271130365759167e-02
2.714315554887820525e+01,3.279782652243589780e+01,4.984097405849359319e+01,3.284804185367341534e-01,6.607605550635731184e-02
1.180372345753205110e+01,1.573901742788461533e+01,2.987021434294871725e+01,4.430975360179542077e-01,9.875854840702764925e-02
1.548264773637820468e+01,2.014005258413461519e+01,3.654019180689102342e+01,5.150620177485148998e-01,1.308794549391366357e-01
2.842835236378205011e+01,3.411351762820513045e+01,5.139273337339743364e+01,3.260076089472203620e-01,6.386043148918493784e-02
4.735894130608974706e+01,6.395022085336538709e+01,9.030750751201922810e+01,3.424681820484657968e-01,5.720393082175992405e-02
2.566397435897435741e+01,3.092751252003204954e+01,5.053580679086538652e+01,3.498968923221991711e-01,7.245796383919357597e-02
2.598353816105769098e+01,3.147792718349359120e+01,5.165952824519230546e+01,3.508225336435867869e-01,7.336460980821774003e-02
2.897928335336538552e+01,3.515054236778846075e+01,5.051394731570513130e+01,3.080702360864561729e-01,6.169232985579623657e-02
2.890503756009615444e+01,3.506339042467948985e+01,5.051207381810897346e+01,3.080853581892845083e-01,6.142298999092424966e-02
1.248103415464743549e+01,1.642548026842948872e+01,3.087337289663461704e+01,4.256403336996544273e-01,9.142462209508393778e-02
2.996608223157051398e+01,3.511463942307692321e+01,5.070445162259615302e+01,3.061330898616607121e-01,6.471719973417622285e-02
1.532747896634615437e+01,2.000425831330128190e+01,3.561578225160256750e+01,5.028320095852489846e-01,1.246433709863576378e-01
2.470055038060897346e+01,2.951051782852563932e+01,5.095802584134615643e+01,3.592508323694874606e-01,7.526848976873924679e-02
7.172515528549382680e+01,6.806605420524691397e+01,1.052553202160493839e+02,3.196707780830904122e-01,7.087485683727143271e-02
6.888159432870369869e+01,6.489607880015432784e+01,1.012429041280864226e+02,3.276856730059782841e-01,7.354329513027593745e-02
6.682707609953703809e+01,6.749563175154321470e+01,1.093139048032407459e+02,3.730375714703807466e-01,8.029227768424855582e-02
9.079124131944443832e+01,9.579960262345679212e+01,1.453857079475308751e+02,2.911274615430337609e-01,4.655290598572094096e-02
5.166260561342592439e+01,4.865792004243827051e+01,6.764975597993827705e+01,2.214113400825230282e-01,4.124919492629229578e-02
5.167505835262345926e+01,4.864308883101851677e+01,6.754727864583333030e+01,2.183017041817757187e-01,4.001130372673583624e-02
7.950082609953703638e+01,8.337068045910493197e+01,1.283621667631172727e+02,3.038942129168019646e-01,4.959102507725837022e-02
5.280294126157407675e+01,4.925160638503086119e+01,6.910385513117283551e+01,2.224579297194667071e-01,3.900783172331021703e-02
8.078752893518517908e+01,8.340999951774691112e+01,1.275660966435185202e+02,2.924244912256759310e-01,4.521070302846435379e-02
4.514639130015432045e+01,4.309432339891975516e+01,7.781166329089505496e+01,4.093772072973391740e-01,8.093814423832947080e-02
4.552284095293209987e+01,4.122691888503086233e+01,7.463790991512345840e+01,4.103004733131849768e-01,8.003166205638721775e-02
5.940171440972222427e+01,6.340820650077160536e+01,1.239858183834876542e+02,4.159280540877018373e-01,9.504325977486520471e-02
2.929044849537037010e+01,3.256409770447530860e+01,7.379592303240740137e+01,4.664722817629384788e-01,1.030116689645821787e-01
3.509695794753086773e+01,3.670204523533950436e+01,7.599469569830246485e+01,4.423027974744254687e-01,9.275141919191920437e-02
4.296623794367283722e+01,4.590552420910493936e+01,8.288306568287036669e+01,4.081198365186344268e-01,8.095231705361985441e-02
3.191470196759259181e+01,3.932238136574073906e+01,8.682076533564814724e+01,4.784664583724617115e-01,1.095195781972102267e-01
3.340882957175925583e+01,3.822765962577160792e+01,7.333995611496914080e+01,4.090300395823489588e-01,8.359517752964248927e-02
3.639243441358024711e+01,3.917445891203703923e+01,7.265963204089506178e+01,4.234770127505104176e-01,8.912151092307618594e-02
2.939032648533950720e+01,3.534244888117284233e+01,6.613462528935184537e+01,4.542654310460222389e-01,9.790288539545009827e-02
2.407573543595679055e+01,2.841839120370370253e+01,5.575658034336419888e+01,4.555902208551509402e-01,1.001078378804767383e-01
3.337779803240740506e+01,3.651860918209876417e+01,7.687117380401234357e+01,4.460389951071282999e-01,9.715366475476405750e-02
3.972823591820987588e+01,4.510372106481481325e+01,8.638574218750000000e+01,4.223877748241776642e-01,8.842655686877384791e-02
3.816727864583333485e+01,4.010383632330246684e+01,7.442470534336419519e+01,4.270510565960727867e-01,8.628825792716296461e-02
4.575579427083333428e+01,4.857286217206790013e+01,8.778589650848765302e+01,4.205377006477786783e-01,8.904608746070717673e-02
3.116076726466049251e+01,3.594971113040123356e+01,7.897874469521605079e+01,4.998529212357044615e-01,1.253436551976593316e-01
3.834085696373456642e+01,4.636983555169753402e+01,9.983437934027777771e+01,4.909423935455311527e-01,1.246812104592701503e-01
4.552960069444444535e+00,1.305664930555555614e+01,3.306486545138888999e+01,7.158200793587500277e-01,1.575110575303709237e-01
2.438745659722222126e+00,6.555017361111111107e+00,1.093867621527777700e+01,5.322443447265381433e-01,1.985881987286360340e-01
1.055124999999999957e+01,2.121364149305555458e+01,3.141584201388888786e+01,5.216597277148068423e-01,1.236250582599250497e-01
2.270083767361111171e+01,3.437976128472222115e+01,5.647425781249999943e+01,5.511826409365750967e-01,1.348896821440951632e-01
1.326996961805555486e+01,1.841937499999999872e+01,4.393718315972222399e+01,7.040414911126935404e-01,1.446545189207180948e-01
1.996735677083333371e+01,2.962825520833333215e+01,5.170959201388888715e+01,5.641064921926094433e-01,1.505454645737148711e-01
3.271990885416666828e+01,3.398078124999999972e+01,6.637149305555556111e+01,5.359535835389971359e-01,1.145382020530679446e-01
3.915298177083333542e+01,3.895036892361110858e+01,7.336712239583333428e+01,4.851167491401163767e-01,1.107978356099365153e-01
2.215046006944444557e+01,3.105071614583333428e+01,5.488639322916666430e+01,5.611421168672734439e-01,1.484765456904400815e-01
2.138072916666666767e+00,1.022035590277777750e+01,2.757996527777777729e+01,5.332865251895435588e-01,2.273475653846374067e-01
2.119743923611111303e+00,1.024600260416666586e+01,2.755782986111110944e+01,5.280110351877858044e-01,2.279222392742498715e-01
2.823329861111110972e+01,3.871694444444444372e+01,5.946570746527778084e+01,4.837403330466424345e-01,1.218193838469452533e-01
2.102769097222222161e+00,1.013779079861111043e+01,2.743706163194444514e+01,5.302750696764872984e-01,2.277140780947309595e-01
2.118663194444444287e+00,1.019183159722222243e+01,2.746720920138888999e+01,5.270238707286974966e-01,2.278062300820755948e-01
6.510538194444444038e+00,7.309513888888888644e+00,1.614651041666666842e+01,6.065903940087596924e-01,1.182680227988147231e-01
7.414704861111110823e+00,8.161197916666667496e+00,1.765894965277777828e+01,6.205088173395909568e-01,1.314921214090953028e-01
1.131002170138888907e+01,2.520846788194444343e+01,4.721504340277778056e+01,6.190037397179062317e-01,1.438831198876465156e-01
1.079816840277777779e+01,2.043153211805555713e+01,4.141004774305555713e+01,5.852211390038287719e-01,1.582270032558436845e-01
1.604027777777777830e+00,1.155606770833333385e+01,2.877762152777777871e+01,5.629714598176523976e-01,2.285608865214626695e-01
2.412187499999999929e+00,1.362203993055555529e+01,3.267187934027777629e+01,5.861614160516483985e-01,2.216808407194288677e-01
1.275038194444444528e+01,1.922892795138888999e+01,3.171676215277777899e+01,5.984954960807533642e-01,1.690200101841665692e-01
9.749288194444444500e+00,2.900103298611110958e+01,5.744136718749999915e+01,9.221981542205179849e-01,2.424008500059010585e-02
3.208359375000000124e+00,1.425611111111111029e+01,3.593141927083333087e+01,6.741562617629958121e-01,1.942692347355013949e-01
1.078072048611111100e+01,1.866087239583333357e+01,3.639679253472222342e+01,5.732955117504648923e-01,1.594881775153217107e-01
1.034927517361111171e+01,2.435611979166666785e+01,4.815730034722222541e+01,6.393631856081021247e-01,1.437050839770257216e-01
2.426992187499999787e+00,5.224171006944444251e+00,1.102358506944444372e+01,6.528361977388031923e-01,1.721288947283319271e-01
1.627921006944444526e+00,3.493138020833333357e+00,7.460442708333332895e+00,6.527739350724859335e-01,1.702275331751119392e-01
2.708776041666666856e+00,5.608255208333333464e+00,1.293886284722222157e+01,6.608106353375248210e-01,1.817523066444853286e-01
6.081827256944444038e+00,1.373199652777777757e+01,2.709162760416666771e+01,6.077479346940735105e-01,1.445390214502266513e-01
5.148068576388888928e+00,9.711015624999999929e+00,1.687459201388888985e+01,3.460651826929604935e-01,1.548653617967281071e-01
4.931315104166666963e+00,9.147526041666667496e+00,1.639107638888888729e+01,3.554323657507820755e-01,1.504987152520756433e-01
2.207637586805555685e+01,3.177221788194444585e+01,5.438921006944444514e+01,5.369648529250441449e-01,1.469176640938243406e-01
2.166850260416666529e+01,3.111745225694444272e+01,5.335032118055555372e+01,5.431110126574626440e-01,1.479883531808089125e-01
2.161250868055555685e+01,3.105686631944444542e+01,5.386131510416666401e+01,5.535099856087809522e-01,1.475122891239381284e-01
2.220977864583333172e+01,3.170995659722222371e+01,5.414078125000000341e+01,5.285078225957139386e-01,1.487041523322996106e-01
2.249235677083333229e+01,3.184389756944444372e+01,5.405604600694444173e+01,5.236390721960193506e-01,1.470680876104374091e-01
2.152301649305555387e+01,3.079161024305555472e+01,5.379325086805555856e+01,5.875045069170873324e-01,1.486187213562875642e-01
2.101704427083333471e+01,2.944671440972222243e+01,5.315120659722222030e+01,6.473881949792270607e-01,1.300140781871006734e-01
2.040066406249999886e+01,2.934248697916666515e+01,5.279128906249999886e+01,7.322724965378154538e-01,9.893341478109173026e-02
2.912916666666666821e+00,1.027895399305555557e+01,3.013738715277777658e+01,7.267216944902663567e-01,1.707210066616449140e-01
2.666831597222222072e+01,3.804067708333333542e+01,6.682479600694443889e+01,5.393490151263418131e-01,1.490224258621409559e-01
2.673186197916666629e+01,3.799184027777777573e+01,6.673879340277777317e+01,5.437327736457697736e-01,1.473157269842918227e-01
2.766225694444444372e+01,3.906098958333333115e+01,6.739175347222222001e+01,5.305808061784779150e-01,1.480902978563916617e-01
2.737014322916666842e+01,3.812937934027777942e+01,6.644487413194444514e+01,5.299497676105252575e-01,1.507726851238625487e-01
2.772218750000000043e+01,3.897594184027777686e+01,6.732357638888889539e+01,5.325885880519942717e-01,1.487203219822480771e-01
2.705789496527777871e+01,3.732957899305555571e+01,6.490557725694444002e+01,5.207204539441706581e-01,1.485968565747607939e-01
2.328040364583333499e+01,3.198596788194444329e+01,5.513401909722222172e+01,5.593448279601430650e-01,1.449369424143446272e-01
2.213604166666666728e+01,3.062620225694444542e+01,5.295773437500000114e+01,5.414969333499071169e-01,1.443758226420544244e-01
2.223947048611110944e+01,3.025270399305555458e+01,5.370769097222222399e+01,7.415487684048452932e-01,9.208375985944680653e-02
2.169926215277777715e+01,3.221148437499999773e+01,5.855041232638888715e+01,7.601820815339409565e-01,8.242697377672432435e-02
1.923915364583333343e+01,3.063959201388889042e+01,5.820062934027777857e+01,5.811115240826616457e-01,1.421047217703440835e-01
1.882525607638888943e+01,3.015077690972222157e+01,5.756477864583333570e+01,5.764710785916287161e-01,1.463872727266766760e-01
2.338895399305555500e+01,3.394739583333333144e+01,6.239419704861111171e+01,5.554398303300797091e-01,1.517870015944188522e-01
2.358261718749999858e+01,3.579449652777778113e+01,6.698339843750000000e+01,5.463363450280211975e-01,1.490628565081136558e-01
2.347053385416666771e+01,3.572480468749999716e+01,6.644761718750000057e+01,5.794006153915827184e-01,1.476043123167736504e-01
1.621228298611111063e+00,6.701332465277777928e+00,2.524368055555555657e+01,4.771420941004690941e-01,2.331744930830668139e-01
1.513059895833333224e+00,6.613493923611111214e+00,2.498468749999999972e+01,4.564203087363862821e-01,2.333085589461335596e-01
8.562717013888889284e+00,1.851183593749999901e+01,3.787881510416666941e+01,6.548173254343430116e-01,1.617525709032305026e-01
9.261835937500000782e+00,1.938999131944444443e+01,3.687930121527777771e+01,8.452042915183481941e-01,5.941392872450985269e-02
4.958311197916666657e+01,6.035053385416666316e+01,7.951538194444444230e+01,4.820504593608679333e-01,1.627029268151824193e-01
4.934400173611111029e+01,5.962865451388888971e+01,7.937604166666666572e+01,4.672730882150534781e-01,1.629125514878523584e-01
4.767599392361110944e+01,5.752621527777777999e+01,7.659638888888889596e+01,5.988416471005479913e-01,1.554059783684463292e-01
4.624200520833333172e+01,5.412678819444444400e+01,7.425924913194444343e+01,4.906315595251463102e-01,1.580318366989221512e-01
3.830467447916666401e+01,4.850889322916666657e+01,7.193246961805554918e+01,4.763678301562414563e-01,1.671429180121200286e-01
6.424300347222222740e+01,7.053698784722222115e+01,8.910290364583333655e+01,3.912570171301810729e-01,1.780095752194833514e-01
6.942734374999999680e+00,1.405003472222222172e+01,4.622888888888888914e+01,7.066237486064360640e-01,1.570906264728660906e-01
7.185564236111111391e+00,1.321771267361111057e+01,4.400101128472222456e+01,6.869702093169768320e-01,1.622417676270369036e-01
2.266859809027777928e+01,3.646312934027777430e+01,5.921145399305555657e+01,5.463912460570159446e-01,9.751375234795710278e-02
1.075993489583333407e+01,1.425497829861111043e+01,3.794775607638889170e+01,5.910823165752937536e-01,1.300390410599277513e-01
1.196907118055555586e+01,1.369259548611111121e+01,3.519176649305555316e+01,5.636031500072709033e-01,1.280883736247628857e-01
1.241394531249999922e+01,1.342470486111111150e+01,2.734657986111110972e+01,5.103511532288065311e-01,1.051266395443593293e-01
1.553949652777777857e+01,2.734757812499999829e+01,5.396675347222222285e+01,5.761404464106487655e-01,1.320682164548442616e-01
7.193270399305555429e+01,9.259182291666667197e+01,1.119567057291666714e+02,3.434982144538618054e-01,1.129042933727210790e-01
9.471318576388888744e+01,1.131844227430555492e+02,1.270947309027777834e+02,2.261687898877073610e-01,6.294451762656796956e-02
4.273751302083333314e+01,6.626450086805554918e+01,1.001932335069444377e+02,5.114997322837087079e-01,9.985089307954260474e-02
4.170555989583333201e+01,6.504749131944444684e+01,9.899003038194445026e+01,5.000262468574215857e-01,1.014970108918615277e-01
3.007678819444444329e+01,5.769263454861111029e+01,9.612865017361110631e+01,5.650906915138231845e-01,1.131771275382853770e-01
9.189869357638889369e+01,1.065452690972222172e+02,1.198835243055555537e+02,2.539532933729604647e-01,8.172270309219441253e-02
2.724301215277777644e+01,5.131773871527777686e+01,8.645328125000000341e+01,5.578615852096121541e-01,1.151000582917903331e-01
9.842880208333333769e+01,1.121954687500000034e+02,1.236897048611111103e+02,2.228538202580308270e-01,7.331930525654320463e-02
7.687534722222221717e+01,9.236722656249999375e+01,1.166267664930555554e+02,3.206998763967726096e-01,9.298999908605283526e-02
8.735308159722222854e+01,1.040044053819444514e+02,1.290456597222222115e+02,2.787491870723398657e-01,6.451083373217669781e-02
2.535990885416666529e+01,5.403638020833333400e+01,1.058406944444444377e+02,6.254039073184786135e-01,1.282463428696165308e-01
1.707254774305555500e+01,3.065969184027777672e+01,6.758250868055554861e+01,6.344664927584895420e-01,1.419231245434385558e-01
2.523445312500000171e+01,5.407139756944444287e+01,1.064577604166666731e+02,6.256597058069091055e-01,1.287909691156067793e-01
1.767513454861111200e+01,3.785794704861110915e+01,8.992672309027777544e+01,6.509165222590713729e-01,1.422440753986302653e-01
1.777907986111111072e+01,3.754661458333333002e+01,8.978028645833333599e+01,6.464126359802321309e-01,1.423116351269185231e-01
1.679084201388888786e+01,3.096808159722222342e+01,6.760533854166666856e+01,6.389210897298301939e-01,1.429270581736676315e-01
1.620196614583333172e+01,2.986484374999999858e+01,6.649966145833333542e+01,6.392330965796413356e-01,1.435971055549235542e-01
1.641526909722222172e+01,3.000713541666666728e+01,6.688646701388888971e+01,6.359475809709893568e-01,1.433794176475900461e-01
1.716563368055555472e+01,3.077631510416666671e+01,6.774382378472222399e+01,6.334914595954487249e-01,1.425784042882402292e-01
1.881482638888888914e+01,3.334365451388888602e+01,7.058499565972222456e+01,6.271133318120321043e-01,1.375905165464515190e-01
1.749107204861111242e+01,3.125794704861111128e+01,6.822360243055555884e+01,6.281900216131591774e-01,1.390484875547315924e-01
1.743008246527777771e+01,3.114069444444444557e+01,6.805469618055555259e+01,6.289960144780770701e-01,1.391681487999719136e-01
1.745163194444444343e+01,3.124966145833333186e+01,6.806211805555555827e+01,6.296558799412731444e-01,1.390137843964649178e-01
1.719578124999999957e+01,3.163938368055555728e+01,6.803219184027777544e+01,6.343445438376950074e-01,1.397995409244776610e-01
1.704726128472222157e+01,3.699053819444444713e+01,8.811072482638888914e+01,6.523379911012493482e-01,1.433924747927748655e-01
1.629992187499999901e+01,2.962744791666666799e+01,6.648523003472222115e+01,6.310057707463413434e-01,1.394439222206175777e-01
2.129435329861111015e+01,4.122092013888888573e+01,8.440306857638888971e+01,6.054820241869429687e-01,1.217720404722612004e-01
1.683104600694444386e+01,3.075661458333333442e+01,6.721059027777778283e+01,6.366909718067479407e-01,1.419726545747967694e-01
1.712925347222222072e+01,3.106677951388888914e+01,6.739094184027777601e+01,6.319233434642173020e-01,1.409088985091566382e-01
1.686588975694444414e+01,3.095792968749999829e+01,6.698729166666666401e+01,6.353366809697901241e-01,1.399327624890566169e-01
1.702661024305555415e+01,3.059881510416666828e+01,6.720247395833332860e+01,6.295044847239461561e-01,1.404467815989535462e-01
1.869966579861111100e+01,3.517871527777777629e+01,9.271934027777777487e+01,6.568840868495775531e-01,1.424149906122507137e-01
1.613314670138888829e+01,2.999484809027777743e+01,9.407623697916666572e+01,6.863975844553480421e-01,1.447576812445987016e-01
6.129210069444444020e-01,1.791171875000000080e+00,3.070208333333333428e+00,6.424583850033067645e-01,1.673453179134113122e-01
6.025423611111111200e+01,9.385065104166666572e+01,1.229435807291666691e+02,4.417912563488610167e-01,8.604714719736922257e-02
6.018124565972222229e+01,9.355623263888888630e+01,1.228980468750000057e+02,4.356876362048407447e-01,8.498154982722500028e-02
3.142025173611111200e+01,5.829428819444444798e+01,9.181402343749999773e+01,5.574246321066529397e-01,1.096216843750427161e-01
6.491248697916667254e+01,9.208261284722222229e+01,1.276356684027777817e+02,4.220503340457109620e-01,8.026676462041358595e-02
4.763370225694444571e+01,6.537550781250000398e+01,1.009463628472222183e+02,4.072980991989150201e-01,8.827023056424743164e-02
4.888759548611110972e+01,6.585148871527778169e+01,1.025441579861111165e+02,4.031545489275923377e-01,8.741153905305554250e-02
6.596312934027777430e+01,9.289049913194443775e+01,1.278219357638888880e+02,4.161205259146759650e-01,8.045770038625130183e-02
4.970681423611111427e+01,6.746929687499999773e+01,1.043084939236111097e+02,4.031375407845991243e-01,8.680945817821410226e-02
5.005327256944444514e+01,6.768597656250000227e+01,1.047354036458333297e+02,4.008509060666186619e-01,8.596145575553207352e-02
6.701848090277778169e+01,9.472312499999999602e+01,1.306385763888888789e+02,4.165210129103251724e-01,8.013455221719875676e-02
6.683588107638888687e+01,9.432186631944443889e+01,1.298767057291666731e+02,4.161550491683213004e-01,8.049007594674542632e-02
6.705821614583332746e+01,9.457972222222221603e+01,1.300082291666666663e+02,4.133874963659582846e-01,7.977623306117236079e-02
1.902874565972222243e+01,2.922292968749999886e+01,5.806845486111111398e+01,6.097441612641427700e-01,1.447384249927213817e-01
1.925490451388888857e+01,2.887173611111111171e+01,5.842253472222222399e+01,6.112198341407699687e-01,1.439803739424820317e-01
3.072802083333333201e+01,4.251871527777777970e+01,6.466957899305555202e+01,5.677102900513626427e-01,1.390599818812344457e-01
3.255852864583333428e+01,4.445207465277777459e+01,6.756214409722221603e+01,5.431058516700723038e-01,1.326760781151785362e-01
3.753930121527777430e+01,5.335667534722222172e+01,8.264677951388888744e+01,5.444189974461663972e-01,1.328280885047197768e-01
3.429399739583333684e+01,4.924148003472222257e+01,7.792089843750000000e+01,5.499703499762341741e-01,1.345667773125249489e-01
3.705933593750000199e+01,5.253001302083333002e+01,8.172096788194444628e+01,5.444322608959616394e-01,1.339820126195735983e-01
3.141020833333333329e+01,4.382049479166666828e+01,6.793594618055556111e+01,5.866700501692292402e-01,1.448498319001279289e-01
3.011561197916666544e+01,4.113043402777778113e+01,6.497949218750000000e+01,5.861225690267464206e-01,1.502503197555820624e-01
6.397828993055555458e+01,9.199008246527777999e+01,1.279811458333333292e+02,4.280919478499490838e-01,8.146414168941744360e-02
4.742835937499999943e+01,6.494449218750000341e+01,1.014865060763888920e+02,4.191061118314601264e-01,9.037578868310094937e-02
6.255147135416666515e+01,9.027152777777777715e+01,1.278458506944444508e+02,4.383349614127373672e-01,8.620754434116945086e-02
5.683863281250000199e+01,8.233490885416667027e+01,1.251765581597222194e+02,4.629992944665872745e-01,9.850772901495070955e-02
5.689078993055555600e+01,8.232578559027777487e+01,1.256784939236111143e+02,4.594448024514463658e-01,9.717147937497526422e-02
5.778470486111110915e+01,8.329356336805555827e+01,1.244057855902777732e+02,4.565281546934896184e-01,9.630666330945085452e-02
5.727437934027777544e+01,8.232570312500000398e+01,1.229010720486111126e+02,4.564712607087076934e-01,9.769470226755429254e-02
6.073258680555555600e+01,8.679608072916666117e+01,1.259077864583333337e+02,4.464566495701092208e-01,8.734954530123836824e-02
4.745099826388889142e+01,6.599118489583332803e+01,8.875118489583333314e+01,4.464200631712002543e-01,9.719944649993760011e-02
6.090274305555555401e+01,9.320970052083333712e+01,1.209971484375000017e+02,4.480523093244170862e-01,9.575604443570308322e-02
5.107968749999999858e+01,7.286545572916666913e+01,9.746372395833333258e+01,4.617815520169675780e-01,1.123800265476381649e-01
4.876084201388889028e+01,6.829564670138888971e+01,9.261925347222222626e+01,4.592669069354681777e-01,1.130702466044580662e-01
4.949651909722221887e+01,6.985958333333333314e+01,9.537845486111110915e+01,4.744740903968604484e-01,1.162240311993909814e-01
5.425180121527777999e+01,7.359663194444443945e+01,9.810738281250000625e+01,4.518838005118788748e-01,1.171654878539677563e-01
2.327513454861110986e+01,3.110354890046296461e+01,3.816893036265432215e+01,4.292456188832194375e-01,1.189432414096566193e-01
1.994786892361111086e+01,2.751037374614197617e+01,3.118292293595678899e+01,4.421236221103082009e-01,1.338506746121558566e-01
2.345888261959876431e+01,3.180061921296296390e+01,3.776050684799382395e+01,4.121613580740740024e-01,1.175740840233597678e-01
1.502843942901234620e+01,2.016875819830246996e+01,2.543144097222222300e+01,4.571214068594677826e-01,1.514560688328989158e-01
2.790519048996913654e+01,3.566825086805555856e+01,4.193827835648148294e+01,3.607245197558646144e-01,1.110558180396441497e-01
6.568293065200617775e+01,8.335384452160494106e+01,9.334994550540123726e+01,2.872723178053727122e-01,5.974537834577087897e-02
6.474348958333332860e+01,8.201076099537037578e+01,9.187695987654321073e+01,2.875282926948238837e-01,6.052276896120892952e-02
6.999815682870369926e+01,8.832200424382716619e+01,9.954259596836419632e+01,2.786056472252568805e-01,5.391456890122050399e-02
7.243540991512345784e+01,9.310533516589505609e+01,1.058914443479938257e+02,2.851405866105434783e-01,5.439985081295521663e-02
7.331637490354938791e+01,9.536738040123456983e+01,1.093462133487654313e+02,2.941289939254367880e-01,5.691328176932882593e-02
6.551240306712962536e+01,8.743188994984568296e+01,1.015990041473765473e+02,3.258203544565815846e-01,7.014229611114189411e-02
5.118491126543209901e+01,6.841662615740740705e+01,7.951927565586419178e+01,3.382741078541044444e-01,9.008030293030562519e-02
2.342567033179012270e+01,3.118908323688271622e+01,3.627102382330247110e+01,3.328824263880078016e-01,9.480450364050214962e-02
3.580749517746913568e+01,4.341986738040123583e+01,5.450912615740740819e+01,3.211892520915350935e-01,9.262281539949934750e-02
3.792388310185184963e+01,4.677133150077160195e+01,5.741327932098765530e+01,3.216811303654646403e-01,9.135994809214864620e-02
3.817190248842592837e+01,4.619052951388889028e+01,5.591430217978395234e+01,3.210444677052655682e-01,1.102931975999431186e-01
4.678701051311728065e+01,5.414477912808641946e+01,6.334908709490741074e+01,3.320182122828532756e-01,1.203358522505282163e-01
3.267661795910493794e+01,4.179215518904320703e+01,4.800089313271605107e+01,3.367306522597414142e-01,1.097647706618286034e-01
5.464518904320987502e+01,6.420540702160494106e+01,7.441174864969136138e+01,2.889036188676623595e-01,8.872894177302069474e-02
5.188098427854938421e+01,6.045646556712962649e+01,7.048242476851851279e+01,3.031174187208751647e-01,9.944365792404102899e-02
5.184932002314814525e+01,6.333446807484568097e+01,6.919867621527777146e+01,3.065444534476520766e-01,9.526533468478304290e-02
3.279271074459876445e+01,4.102344810956790155e+01,4.481931182484567699e+01,2.957545356365191003e-01,9.770282403108747349e-02
4.252321566358024540e+01,5.040237557870370466e+01,5.419981143904320930e+01,2.677164224807468407e-01,8.729075228660422570e-02
3.789688512731481751e+01,4.693123408564814980e+01,5.148690055941357713e+01,3.248126845540970087e-01,1.057741746101742153e-01
5.267637924382716363e+01,6.916278115354938905e+01,7.569350163966049649e+01,2.810773401180612363e-01,8.425466340239698426e-02
2.481395254629629576e+01,3.243447820216049138e+01,3.417841145833333627e+01,3.561045597761758885e-01,1.365336851404995722e-01
6.635984326774691056e+01,8.556602527006172920e+01,9.266394434799383362e+01,2.590783303277939820e-01,6.468728058323092167e-02
4.467704378858024938e+01,6.119147858796296191e+01,6.745147424768518363e+01,2.844061798325110413e-01,7.604802263049506572e-02
2.235726948302469097e+01,2.943909963348765402e+01,3.139413869598765316e+01,3.033019684450535269e-01,9.912934425800168370e-02
5.148325424382716164e+01,6.161749228395061806e+01,6.715093557098765586e+01,1.779867402821291023e-01,6.906834627323381326e-02
2.235643663194444386e+01,3.185063368055555699e+01,3.950685908564814497e+01,3.161552691452774178e-01,1.048268491547989928e-01
2.906215663580247011e+01,3.533476080246913398e+01,4.115593653549382935e+01,2.903087418906316608e-01,1.132663275930939628e-01
3.679497202932098787e+01,4.567153597608024995e+01,5.399900993441357855e+01,3.296463435461052804e-01,9.376171737270695694e-02
1.593293065200617242e+01,2.101950183256172977e+01,2.497345244984568069e+01,3.405041026851511332e-01,1.412008078925665322e-01
3.421584297839505950e+01,4.313762056327160366e+01,4.948856385030864402e+01,1.682719303115711440e-01,6.225305266513646296e-02
4.999753423996913426e+01,6.149751253858024569e+01,6.913221402391975801e+01,3.186062834908113817e-01,7.896935103889721197e-02
5.016729600694444713e+01,6.391934510030863947e+01,7.305120370370370608e+01,3.143337131957752995e-01,7.641296294703507630e-02
2.817348476080247011e+01,3.760255787037036868e+01,4.606143325617284034e+01,3.446400089554251811e-01,9.860651427102772038e-02
3.327460503472222086e+01,4.437305121527777629e+01,5.133551890432098475e+01,2.634592942181122610e-01,8.049161493921744293e-02
4.923050154320987559e+01,6.379895833333333144e+01,7.368776379243827535e+01,3.125731561040953621e-01,6.315204434211538209e-02
4.472986689814814554e+01,5.455381124614197574e+01,6.413783613040124010e+01,2.999664972241251615e-01,7.969072764532873776e-02
2.693369405864197574e+01,3.420962528935185532e+01,3.952588107638889170e+01,3.069931736413439305e-01,1.272620262201484831e-01
4.384895302854938137e+01,5.220008053626543187e+01,5.832826292438271309e+01,2.297961571552071813e-01,9.121183595780466002e-02
5.220761188271605135e+01,6.180449025848765388e+01,7.132238811728394978e+01,2.996892451414320813e-01,8.853508370811778716e-02
4.483976273148147840e+01,5.596551070601852018e+01,6.678493778935185787e+01,3.237904686854899960e-01,8.728089341871106410e-02
5.124206645447530661e+01,6.121522183641975090e+01,6.764601851851851677e+01,3.855846672867132008e-01,1.378550952636813653e-01
8.609277102623456912e+00,1.283885802469135839e+01,1.571363859953703646e+01,3.229528919858636327e-01,1.302690728903054262e-01
5.936455729166666373e+01,7.075420138888888744e+01,7.624961467978394580e+01,2.488778869226178081e-01,8.170547624470669845e-02
4.383258487654320845e+01,5.563632957175926208e+01,6.283249421296296333e+01,2.832726013422581790e-01,7.682576729234952273e-02
2.477016637731481552e+01,3.275528742283950834e+01,3.912704523533950862e+01,3.527743926904877703e-01,1.168580269539177124e-01
2.624861786265432073e+01,3.507414930555555799e+01,4.277218991126543557e+01,3.264800699619939128e-01,8.660932287180581057e-02
1.988571373456790070e+01,2.696210599922839535e+01,3.252101900077160224e+01,3.408343674510365684e-01,1.151855876601066142e-01
3.173781828703703667e+01,4.053285879629629562e+01,4.849615644290123129e+01,3.006763742796590977e-01,8.555634699403794063e-02
1.695015528549382822e+01,2.128573447145061692e+01,2.900231481481481310e+01,4.078253842136042029e-01,1.589575984730806635e-01
4.691119550540123129e+01,5.658357831790123527e+01,6.324109085648148465e+01,2.757623628250401859e-01,8.526889506158022436e-02
3.241185426311728435e+01,4.023033179012345784e+01,4.553343605324074161e+01,2.721520704077275976e-01,9.750796999028459033e-02
3.120605758101851990e+01,3.734085551697531002e+01,4.390227237654320902e+01,2.545589024341330942e-01,9.901729965832942182e-02
9.844355709876543514e+00,1.420278163580246833e+01,1.624555844907407476e+01,2.984048979186222361e-01,1.327395242711802426e-01
2.837358699845679055e+01,3.640443238811728577e+01,4.201635995370370580e+01,3.506576502865860201e-01,1.152597405807210401e-01
2.321643566743827236e+01,3.052413773148148124e+01,3.658326244212963019e+01,2.713523909878995388e-01,9.590779885878249200e-02
3.895927999614197290e+01,4.625496624228394893e+01,5.153766830632716278e+01,2.930981547193788339e-01,1.195585333040445619e-01
4.136434268904321243e+01,5.017107253086419405e+01,6.019189429012345727e+01,2.932368908056878221e-01,8.957240914604772120e-02
6.263292341820987374e+00,9.192749807098765658e+00,1.220894338348765373e+01,3.338397463542144838e-01,1.736548658321649397e-01
1.236050877700617256e+01,1.612318913966049294e+01,2.019238956404321073e+01,3.680917510697295780e-01,1.669824945532386584e-01
3.870903018904321158e+01,4.931888888888888545e+01,5.752908902391975232e+01,3.018143236748652702e-01,5.860489132882061580e-02
2.628445457175925881e+01,3.307272280092592354e+01,3.841292582947530576e+01,2.473929394000018434e-01,1.126660495412000473e-01
1.674986786265431959e+01,2.319678530092592439e+01,3.119878906250000128e+01,4.106825645544795456e-01,1.401146493645213653e-01
3.401988811728394779e+01,4.462779079861110887e+01,5.592093798225308632e+01,3.412713193230866304e-01,7.115461832915721818e-02
2.536740210262345840e+01,3.496568479938271423e+01,4.200969376929012356e+01,2.890176084540411749e-01,9.227232889326063281e-02
2.656441743827160451e+01,3.552331163194444485e+01,4.299837046682098674e+01,3.484903408150253901e-01,9.684406696046263252e-02
3.002244454089506220e+01,3.971366174768518675e+01,4.972331790123456585e+01,2.559928174234731291e-01,5.822682411535559655e-02
4.651195312499999801e+01,5.665618923611111057e+01,6.404075327932098105e+01,2.962900317665132510e-01,9.348457926695147302e-02
1.988393084490740748e+01,2.615064139660493936e+01,3.149969280478395106e+01,2.320649340594500287e-01,9.453762395509275607e-02
3.977436680169753203e+01,5.161635223765431846e+01,6.069830729166666572e+01,3.309003846242781210e-01,9.836487079756478513e-02
1.507930652006172778e+01,2.152413387345679041e+01,2.693711371527777843e+01,2.525560577774688675e-01,1.085489261227724489e-01
3.020880353009259167e+01,3.813233362268518789e+01,4.543862027391975289e+01,2.481674597657069214e-01,9.297672119062980189e-02
3.157925684799382893e+01,3.982974971064815151e+01,4.958508777006172608e+01,3.318625680043664206e-01,1.099360602959675581e-01
3.218523003472222399e+01,3.935359616126542903e+01,4.835013358410493822e+01,3.173111585498389897e-01,1.177380135239508296e-01
4.009565489969136109e+01,5.017443672839506519e+01,5.850126639660494021e+01,3.474116469864451107e-01,1.162968487845272986e-01
2.859794319058642031e+01,3.683914882330246598e+01,4.443716531635802625e+01,3.288865805411205212e-01,1.168792530913196487e-01
1.730222222222222328e+01,2.497474681712963118e+01,3.196242380401234584e+01,2.996625839599302288e-01,1.205596853424184822e-01
5.306685715663580538e+01,7.125229118441357912e+01,8.659972222222222626e+01,3.321308893980760568e-01,7.327699043187234362e-02
3.528250144675926236e+01,4.719870273919752890e+01,5.800464361496913313e+01,2.628241436338651371e-01,9.702666630520380420e-02
2.823081597222222072e+01,3.872079475308642316e+01,4.645985580632716250e+01,3.402125762360360683e-01,1.318764579621682920e-01
5.023209924768518420e+01,6.662012779706789445e+01,7.939778452932098674e+01,3.419843532996082458e-01,8.414128515307563172e-02
4.445379292052469111e+01,5.971022810570987360e+01,7.144519579475309001e+01,3.384294536012590893e-01,1.019477333448925022e-01
5.483813464506172863e+01,7.259204475308642657e+01,8.683739438657407561e+01,3.126821225235978940e-01,8.023847384139252970e-02
5.379570650077160821e+01,7.001763840663579685e+01,8.247944926697530832e+01,3.188730357823208461e-01,8.134049838386285536e-02
4.863994212962963104e+01,6.794330246913580140e+01,8.468425829475309285e+01,3.311164601134562457e-01,5.130316540895996091e-02
2.009016155478395049e+01,2.788717062114197631e+01,3.619032986111110972e+01,3.012047826335529366e-01,1.241883876213046023e-01
3.923932050540123129e+01,5.210108169367283892e+01,6.197584924768518277e+01,3.582637467753101435e-01,1.202514032680185585e-01
4.823566840277777601e+01,6.259507764274691510e+01,7.755877893518518817e+01,3.438419847593102152e-01,1.026033911130302539e-01
5.603355565200617150e+01,7.311499855324073849e+01,8.558704185956790411e+01,2.992195187015372904e-01,7.546067624954193309e-02
5.332106963734567984e+01,7.197850163966049308e+01,8.887633053626542790e+01,3.249527683254864185e-01,7.670343372468245435e-02
6.114293981481481666e+01,8.163948543595678586e+01,9.739192660108024313e+01,3.282929218782106862e-01,6.793401884083341558e-02
4.794725549768518391e+01,6.453764853395061607e+01,7.718706307870370154e+01,3.647536331147473443e-01,9.951619299800404383e-02
5.502866415895061891e+01,7.229851466049382225e+01,8.398804205246914023e+01,3.305871301287146569e-01,9.468394500319599061e-02
5.793289207175926236e+01,7.902006751543210328e+01,9.385699749228395206e+01,3.313795375270208177e-01,6.687211588650834870e-02
5.734625241126543216e+01,7.682226080246913114e+01,9.136411313657407618e+01,3.346624476207819554e-01,8.394359280117896782e-02
5.432405478395061493e+01,7.294141493055555259e+01,8.707531057098765359e+01,3.606405083986639060e-01,9.748776616694174169e-02
6.011747588734567671e+01,8.031273292824073451e+01,9.505382378472222626e+01,3.407753918540446514e-01,8.164940998006559036e-02
5.817482783564814497e+01,7.805561487268518306e+01,9.283263310185185446e+01,3.345815688025911561e-01,8.130275348176095596e-02
3.913825617283950464e+01,5.291536699459876303e+01,6.421760079089506235e+01,3.794619148755735694e-01,1.189459224669249943e-01
2.930340856481481637e+01,3.929204427083333684e+01,4.831286892361111285e+01,2.579557434563768958e-01,1.073823736050984468e-01
9.476306295955882320e+01,1.139047564338235361e+02,1.277005514705882376e+02,3.080684679827828676e-01,2.123115909255083103e-02
1.113124885110294144e+02,1.279525505514705941e+02,1.402054227941176521e+02,2.850628551094459007e-01,3.883166147794184231e-02
1.026874655330882291e+02,1.191250574448529420e+02,1.315367359834558840e+02,3.026894648962147327e-01,4.156595706794426887e-02
8.716239085477941728e+01,1.036308938419117709e+02,1.182438246783088260e+02,3.384782659548642991e-01,3.845321073285529190e-02
7.786523437500000000e+01,9.623516773897058840e+01,1.111387408088235276e+02,3.476188655482461698e-01,2.417975737155821786e-02
9.707239774816176237e+01,1.161341279871323593e+02,1.328695657169117510e+02,3.300402319376654070e-01,2.942719203727148236e-02
9.971676815257353610e+01,1.196904526654411711e+02,1.373161707261029392e+02,3.316653019302979177e-01,3.107559444370225701e-02
1.039534064797794173e+02,1.240603228400735247e+02,1.419143727022058954e+02,3.258824702592685307e-01,2.937703351793909123e-02
1.166503216911764724e+02,1.370307732077205856e+02,1.506805721507352871e+02,2.751102227074588291e-01,2.945025350167603320e-02
7.587467256433824048e+01,9.296753791360293917e+01,1.065404871323529363e+02,3.444211134951918885e-01,2.624378557746235435e-02
1.057929974724264639e+02,1.213334501378676435e+02,1.367869083180146959e+02,3.044127635599782611e-01,4.145764454133343824e-02
9.910647977941177089e+01,1.152933478860294088e+02,1.306433651194852814e+02,3.161562262765117426e-01,4.032638423010650314e-02
1.197000689338235304e+02,1.374394933363970495e+02,1.488191578584558954e+02,2.586745333167040362e-01,3.082686638777161828e-02
1.185307387408088289e+02,1.362086684283088118e+02,1.477568301930147072e+02,2.570499791548545576e-01,2.937988993829106568e-02
9.224000459558823195e+01,1.073084329044117595e+02,1.220188648897058812e+02,3.296204799381340922e-01,3.984427408172813018e-02
1.161923713235294144e+02,1.338573759191176578e+02,1.458495634191176578e+02,2.580290921467717213e-01,3.006513154446362190e-02
1.110237419577205884e+02,1.301698644301470722e+02,1.424304457720588175e+02,2.665823385873750673e-01,2.391945077044046325e-02
8.657332261029411313e+01,1.018812270220588232e+02,1.160546013327205941e+02,2.826789496457594031e-01,2.650995081215342178e-02
8.957730353860294770e+01,1.058296817555147129e+02,1.198297162224264696e+02,3.460850095303737439e-01,4.821980961006304411e-02
8.374546760110294485e+01,1.006499942555147129e+02,1.142530732996323479e+02,3.587388481205734392e-01,4.770147767535221073e-02
8.685054572610293633e+01,1.040553883272058755e+02,1.190339211856617680e+02,3.275511208770308658e-01,3.048957566381537906e-02
8.887566061580882604e+01,1.054375057444852928e+02,1.188750287224264639e+02,3.294038277343009913e-01,3.540497323129356000e-02
1.112919289981617652e+02,1.326297909007352871e+02,1.487879940257352871e+02,2.765454088275615119e-01,1.984389812289616764e-02
8.761945657169117396e+01,1.044598632812499943e+02,1.152446289062500000e+02,3.149318466153705476e-01,3.013189107599717476e-02
8.935951286764705515e+01,1.071145105698529392e+02,1.184226677389705884e+02,3.136353539376193211e-01,2.916804743781903353e-02
8.845825482536764639e+01,1.069383099724264667e+02,1.188109719669117652e+02,3.219419246518431255e-01,3.031518171959286453e-02
8.813053768382353326e+01,1.068153435202205941e+02,1.197014246323529392e+02,3.225904026803356195e-01,2.870421268363562012e-02
8.789422104779411882e+01,1.072107249540441245e+02,1.207466394761029420e+02,3.299949590131240340e-01,2.767905310184335874e-02
9.025637637867646390e+01,1.094448414522058783e+02,1.234322782628676407e+02,3.204418922504495559e-01,2.613837109643456572e-02
9.054142922794117965e+01,1.103766314338235333e+02,1.243822380514705941e+02,3.294973648238894159e-01,2.851352934484565477e-02
1.164649299172794059e+02,1.327566463694852814e+02,1.445075884650735247e+02,2.504622446704532490e-01,3.180749840215313373e-02
8.897243221507352473e+01,1.057385454963235247e+02,1.177770622702205827e+02,3.005035820809681679e-01,2.729038631462762585e-02
7.692543658088234793e+01,8.966907743566176237e+01,9.876514246323529278e+01,2.640612272401651750e-01,3.122908105579950619e-02
9.103579963235294770e+01,1.050581801470588204e+02,1.149382927389705884e+02,2.704407521881764809e-01,3.328860274844652745e-02
2.149336419753086425e+00,6.917901234567901403e-01,9.868518518518518690e-01,2.963117283950617020e-01,2.085110880105926767e-01
1.737854407793209788e+01,1.613874373070987644e+01,2.777645013503086346e+01,6.054133242441506191e-01,2.729499186998227828e-02
2.359829185956790099e+01,2.285052131558641975e+01,3.093396556712962919e+01,5.680464530195148409e-01,3.233909989917787414e-02
2.165549816743827094e+01,2.023855661651234428e+01,2.624054687499999972e+01,5.841544976196451078e-01,2.609336841938383542e-02
2.309537037037037166e+01,2.079703800154321058e+01,2.555349874614197603e+01,5.771720436126854814e-01,2.780839584477032972e-02
2.219632137345679013e+01,2.015155285493827009e+01,2.538897328317901270e+01,5.862095576712061940e-01,2.497890094910240610e-02
2.345111641589506135e+01,2.169655285493827179e+01,2.732530671296296276e+01,5.832929714967924895e-01,2.515594444816258990e-02
2.245048418209876573e+01,2.037526475694444272e+01,2.586234085648148096e+01,5.845863071802455124e-01,2.422409344454118027e-02
2.346383777006172977e+01,2.247126929012345542e+01,2.910341869212962962e+01,5.824091716663382101e-01,2.490208410349082843e-02
2.476696421682098759e+01,2.445725260416666558e+01,3.383630497685184935e+01,5.817624218576102901e-01,2.451074097616882594e-02
2.415719666280864075e+01,2.292020302854938407e+01,3.032287374614197617e+01,5.909756971820515625e-01,2.212227323784032515e-02
2.437010464891975303e+01,2.294188271604938123e+01,3.081490788966049266e+01,5.903635329030569867e-01,2.302909998796067934e-02
2.411684751157407547e+01,2.256430796682098716e+01,3.026443769290123598e+01,5.937772910722713959e-01,2.135850539102640902e-02
2.555255111882716079e+01,2.434776620370370281e+01,3.187524594907407405e+01,5.857782363653767366e-01,2.396975057695313605e-02
2.439338445216049323e+01,2.290397955246913497e+01,3.119332851080246982e+01,5.929751252240444970e-01,2.277245722225994251e-02
2.550768470293209944e+01,2.487551118827160579e+01,3.467567081404320817e+01,5.848487655505060223e-01,2.377953557671632148e-02
2.474793209876543187e+01,2.423144290123456912e+01,3.476887345679012498e+01,5.914951376009973671e-01,2.348111438412124261e-02
2.653425106095679098e+01,2.595809702932098872e+01,3.681435185185185333e+01,5.930493045154908716e-01,2.330004603959887066e-02
2.646093942901234541e+01,2.660248263888889042e+01,3.917033468364197546e+01,5.945584429393184767e-01,2.377173249159891810e-02
2.498673707561728463e+01,2.527411603009259267e+01,3.779195939429012441e+01,5.981507457348300694e-01,2.141610675669222350e-02
2.563662808641975133e+01,2.646867766203703809e+01,3.814935522762345954e+01,5.931346313346358423e-01,2.281590432021446055e-02
1.232096064814814795e+01,9.459613233024692036e+00,4.718574942129629690e+00,7.186610562553638060e-01,4.539838405341174721e-02
1.754861786265432144e+01,1.597528067129629648e+01,1.049687548225308653e+01,6.075129539652438515e-01,6.417507887750954765e-02
1.039197337962962919e+01,9.073363233024691610e+00,3.281852816358024505e+00,8.148627590870113346e-01,5.182545981146716163e-02
1.042013937114197475e+01,7.410997781635802362e+00,1.508396990740740851e+00,9.265927854420664689e-01,2.005352677524011376e-02
1.682950183256172849e+01,1.344136670524691368e+01,7.254248167438271722e+00,8.392321253357799549e-01,5.796900709772595528e-02
2.973961709104938222e+01,2.713561390817901398e+01,2.205120466820987701e+01,6.712029020104695043e-01,1.253038473104823580e-01
4.029824556327160678e+01,3.634869743441358025e+01,2.849283854166666785e+01,5.392477581059045288e-01,1.043098740761017884e-01
4.431398437499999687e+01,3.921181230709876786e+01,2.779412133487654302e+01,6.091149199571589401e-01,9.822556892171674381e-02
2.261991464120370310e+01,1.721603877314814923e+01,7.014386574074074510e+00,8.396582368306121369e-01,3.926790281460498799e-02
3.343228057484567728e+01,2.810069782021604823e+01,1.734957175925925910e+01,7.197233720416178482e-01,8.881081880420339802e-02
4.307916956018518562e+01,3.877700279706790099e+01,2.892777150848765544e+01,5.243033497601793380e-01,1.243641475284105041e-01
4.246874903549382907e+01,4.032527391975308717e+01,3.126630304783950720e+01,5.632330995655248085e-01,1.364640628576225256e-01
5.025961902006172721e+01,4.935106770833333201e+01,4.305309510030863862e+01,4.483169229613124807e-01,1.248118488587050406e-01
3.578452112268518448e+01,3.392914592978394950e+01,2.992051456404320930e+01,5.248156783340589548e-01,1.280248045625505815e-01
2.103015576774691198e+01,1.983378568672839393e+01,1.498000192901234584e+01,5.782165916420193286e-01,9.516073283775973446e-02
3.729075183256173176e+01,3.472308931327160764e+01,2.863506558641975275e+01,5.740008785166805794e-01,1.279705934305875870e-01
3.575890673225308802e+01,3.018283998842592553e+01,2.284623070987654359e+01,5.343040531919794889e-01,8.512989021457902095e-02
3.557076340663580538e+01,3.285529947916666771e+01,2.462680217978395092e+01,6.425637774832775317e-01,1.025071726284794704e-01
2.770127073688271579e+01,2.422188175154321144e+01,1.369228009259259338e+01,6.937133321777160244e-01,8.185705787682558132e-02
2.163854214891975403e+01,1.766508777006172792e+01,1.105340133101851841e+01,6.859325085703089631e-01,9.793018315287402298e-02
1.703064766589506007e+01,1.529133005401234513e+01,1.151566502700617356e+01,5.511441133621234334e-01,8.134432081614316468e-02
1.615798177083333442e+01,1.410899836033950550e+01,9.480805844907408186e+00,5.440745241391441445e-01,7.280149289324766571e-02
2.434590229552469154e+01,2.414528452932098901e+01,2.334799527391975360e+01,3.388181870617130165e-01,1.137562724218208893e-01
3.753243682484568211e+01,3.258450858410493822e+01,2.556122540509259267e+01,6.007327157704838161e-01,1.070968464791243885e-01
3.347838204089506320e+01,2.749709394290123399e+01,1.812402584876543088e+01,6.046624324717990717e-01,7.042130044597053051e-02
2.067918258101851947e+01,1.756092930169753075e+01,1.198424141589506142e+01,6.321546247151286213e-01,9.640258243368635127e-02
2.861773967978395206e+01,2.653558304398148238e+01,2.069891251929012199e+01,5.099805685727770710e-01,8.032953318032004519e-02
1.745261429398148323e+01,1.219831452546296369e+01,4.956085551697531066e+00,7.716100193431283394e-01,3.282908070682823837e-02
1.869791811342592425e+01,1.396920090663580183e+01,8.492936921296296404e+00,6.747414701843138518e-01,9.631726317824494676e-02
2.725694347993827193e+01,2.503955005787037180e+01,2.125575424382715894e+01,5.921105960512680344e-01,7.880433823636272261e-02
1.534203221450617249e+01,1.170822048611111121e+01,6.536367187499999787e+00,7.298235378574442489e-01,7.084971982665397294e-02
4.760786120756172579e+01,4.325106626157407419e+01,2.576944396219135669e+01,6.047549599605196446e-01,8.040995106713695606e-02
4.466995707947531002e+01,3.881252411265432301e+01,2.261648919753086417e+01,6.473075916346067160e-01,7.381834329630108937e-02
2.025907696759259125e+01,1.820388261959876530e+01,1.800165412808641818e+01,3.664068753508240017e-01,1.120766020418798165e-01
2.758070408950617391e+01,2.424754918981481566e+01,2.895457754629629576e+01,4.965432262917278683e-01,8.996135725413562101e-02
1.542555217978395099e+01,1.305155333719135768e+01,8.031599151234567913e+00,6.674351778757756648e-01,7.372091394349350457e-02
1.643564236111111043e+01,1.380665075231481431e+01,9.258543595679013194e+00,6.153221390947163361e-01,7.333648612026952285e-02
1.498105420524691311e+01,1.166133246527777700e+01,7.259047067901234662e+00,6.627908652220767527e-01,8.014420704299632381e-02
3.056744020061728406e+01,2.832789882330246911e+01,2.953977478780864274e+01,5.098242227336702292e-01,1.174680188588653612e-01
3.841251157407407391e+01,3.738777584876542903e+01,3.888507667824074332e+01,4.379830221123945377e-01,9.430762764977936030e-02
3.580239728009259181e+01,3.079486738040123583e+01,2.249310136959876516e+01,5.943397430709943530e-01,8.576947150373971651e-02
3.632040509259259409e+01,3.128556520061728463e+01,2.594515962577160550e+01,5.146988406953019179e-01,9.091186119989455583e-02
2.706379533179012498e+01,2.418163290895061834e+01,2.103370466820987517e+01,6.427859381044839227e-01,1.031087404842484373e-01
1.493186342592592553e+01,1.159064525462962969e+01,5.457485050154320838e+00,7.725858035824931802e-01,4.610063934467308749e-02
3.283898389274691709e+01,2.996561390817901227e+01,2.496863859953703724e+01,5.462984157944248409e-01,9.289877213277335233e-02
2.906186921296296433e+01,2.394611400462962791e+01,1.854294608410493694e+01,5.273285724652514439e-01,5.391157486080298822e-02
2.113045428240740620e+01,2.249488522376543287e+01,3.229258535879629477e+01,6.130217867937050036e-01,6.536308725784566176e-02
3.621063560956790184e+01,3.212888213734567699e+01,2.151690297067901270e+01,5.719366901101506917e-01,1.062196456873703149e-01
2.385554446373456727e+01,2.085540750385802511e+01,1.301168692129629711e+01,6.137396339670602163e-01,7.191757892570173338e-02
1.967826437114197446e+01,1.946486979166666842e+01,2.801094955632716221e+01,5.045570247062950431e-01,6.775777773683733241e-02
2.076491946373456798e+01,1.928723427854938421e+01,1.799611207561728321e+01,4.411654147470785436e-01,1.027337511769471634e-01
1.426147424768518590e+01,1.163220582561728378e+01,1.563505111882716037e+01,5.917425707522332434e-01,7.804457228019465176e-02
2.553666570216049436e+01,2.522086419753086517e+01,2.783432725694444443e+01,3.976044335075892278e-01,4.711290165062537172e-02
3.915499469521604681e+01,3.611792052469135683e+01,4.109979263117283921e+01,4.150533121296167693e-01,8.629012228821394959e-02
3.879146749614197631e+01,3.617356481481481723e+01,4.160585744598765245e+01,4.124181425320417316e-01,9.327627624655258909e-02
3.882734326774691169e+01,3.619522231867284034e+01,4.231000819830246940e+01,4.096112823799417657e-01,9.017137630136087822e-02
2.762461467978394936e+01,2.513472800925925910e+01,2.325490596064814852e+01,4.559068891029020021e-01,9.584629039277464679e-02
2.488582947530864331e+01,2.422636766975308475e+01,2.371105372299382807e+01,2.738355781999207150e-01,7.058115176652088318e-02
2.585987027391975346e+01,2.936977527006173005e+01,4.291865644290123782e+01,4.210594718929772107e-01,7.053592896547677960e-02
4.009367139274691283e+01,3.600896604938271395e+01,4.022923466435184991e+01,4.366763487430871393e-01,7.504665911572941384e-02
6.143080054012345670e+01,5.394321325231481268e+01,4.073807822145061408e+01,5.011656798167379856e-01,7.140813101361201398e-02
2.260343894675925824e+01,2.062144193672839521e+01,1.268665846836419675e+01,6.687250732847368484e-01,8.237931502398608552e-02
2.069895543981481367e+01,1.769185474537037095e+01,1.069790702160493900e+01,6.513697358112501279e-01,7.296536152357085969e-02
2.309553337191357869e+01,2.025956500771604851e+01,1.343874180169753174e+01,6.319601530222241914e-01,8.208358596012516051e-02
2.515331741898148010e+01,2.245046923225308788e+01,1.541100742669753032e+01,6.189158562579817335e-01,8.811991417050699105e-02
2.457911506558642145e+01,2.192507233796296262e+01,1.440881992669753053e+01,6.334258177089603370e-01,8.615796923741921021e-02
3.834172646604937995e+01,3.512237027391975630e+01,2.714551697530864161e+01,5.611351324438622612e-01,8.301865073868711087e-02
2.983169608410493723e+01,3.517203751929012157e+01,2.559044656635802539e+01,7.281218983271670053e-01,8.607751230380822349e-02
3.012101224922839648e+01,3.454573447145061493e+01,2.604363667052469111e+01,6.999172693695618896e-01,8.500735664086417342e-02
3.803152150848765700e+01,3.087375434027777743e+01,1.718559751157407334e+01,7.056355801670454175e-01,5.442793943438204579e-02
2.465055410879629605e+01,2.187687307098765288e+01,1.574538435570987716e+01,6.614805068632935159e-01,8.823998080188566462e-02
3.453616608796296106e+01,3.171444058641975161e+01,2.765798321759259082e+01,5.709968299267671465e-01,1.026451141844430953e-01
6.357563175154321300e+01,6.108133005401234783e+01,5.934654706790123413e+01,4.022886178632078535e-01,1.127672694433390077e-01
2.821285252700617363e+01,2.693655333719135925e+01,2.556298659336419732e+01,4.874872971389858645e-01,7.197972906561533879e-02
2.254211853780864061e+01,2.050213927469135911e+01,1.601484278549382623e+01,4.828375981763621816e-01,9.520305324718468520e-02
2.287917727623456798e+01,2.092419029706790212e+01,1.640063319830246868e+01,4.789712721760892578e-01,9.638332704232953352e-02
2.489657407407407419e+01,2.068346209490740861e+01,1.486950472608024754e+01,6.520976915521217165e-01,8.584220110412198179e-02
2.498326774691357954e+01,2.082519772376543088e+01,1.582777970679012292e+01,6.220561755171790663e-01,8.705012557188050726e-02
2.554163966049382850e+01,2.319142650462962862e+01,2.061223427854938350e+01,6.616803558139046082e-01,5.250591941476997343e-02
3.983456790123456770e+00,9.890123456790123058e-01,1.492187499999999938e-02,9.985997781635802539e-01,3.480948379137489834e-04
1.273723042052469090e+01,9.018629436728394566e+00,6.325013985339506206e+00,8.520015852354275721e-01,7.308927941448210841e-02
3.495987738715277970e+01,3.335924370659721916e+01,2.233818467881944514e+01,3.957211893766168220e-01,1.031441608422611206e-01
4.849811957465277601e+01,4.776641818576388943e+01,4.438084743923611342e+01,1.893574795331966765e-01,3.673168147250673726e-02
1.350501540798611018e+02,1.352165407986111063e+02,1.192141102430555577e+02,1.463682080119440287e-01,3.563951563200772749e-02
1.167843891059027754e+02,1.169423600260416691e+02,9.632706271701388800e+01,2.233609714071715380e-01,6.455642326872775005e-02
1.220248621961805497e+02,1.208096278211805554e+02,1.015466981336805503e+02,1.994068010008886449e-01,5.245371157583147287e-02
9.755282552083333769e+01,9.153567165798611427e+01,6.810356879340277203e+01,3.259134761891043230e-01,9.051840049254865350e-02
7.739299370659722399e+01,7.099228081597222229e+01,4.757071072048611171e+01,4.170972869320168641e-01,1.145206351626203573e-01
1.077215527343749955e+02,1.028077539062499994e+02,7.821908745659722229e+01,3.071869727453451770e-01,8.597951166350296937e-02
6.724061848958332632e+01,6.267204535590277459e+01,4.090685980902777885e+01,3.391558117316045284e-01,5.556137938559470996e-02
9.019410915798610517e+01,8.621455403645833826e+01,6.421629774305554861e+01,3.247912398790929744e-01,9.937634774600438703e-02
5.083905815972222086e+01,4.827570638020833371e+01,3.367634982638888630e+01,2.280772557482114438e-01,7.819548060905136266e-02
1.471905273437500057e+02,1.512067057291666572e+02,1.448736078559027760e+02,7.995266677995356563e-02,2.062682203372169509e-02
1.446371842447916549e+02,1.511924641927083428e+02,1.455689398871527658e+02,7.015448445611978390e-02,1.513420216705963633e-02
1.468753515624999864e+02,1.500110904947916595e+02,1.433531825086805611e+02,8.903306220052598086e-02,2.060662848470840372e-02
1.423401052517361052e+02,1.450608561197916799e+02,1.377493500434027851e+02,8.925903255929226732e-02,2.073272404867251492e-02
9.998075086805555145e+01,9.875479709201388800e+01,7.638984374999999716e+01,3.089811261829312206e-01,1.107283058699120581e-01
4.417354058159722285e+01,4.035602973090277601e+01,3.030993272569444485e+01,3.955021577893361173e-01,1.059774955799060725e-01
9.343304687500000227e+01,9.179643554687500284e+01,7.054760742187500000e+01,2.657641528385318863e-01,6.432139208933285168e-02
6.453533962673611768e+01,5.886169921874999744e+01,4.998118489583333002e+01,3.709204178069643310e-01,9.825308662931873938e-02
1.236226877170138891e+02,1.270782009548611171e+02,1.186138335503472234e+02,1.291377689634238268e-01,3.678699496236624567e-02
4.652414388020833513e+01,4.334816297743055458e+01,3.345606770833333599e+01,3.022423439600072093e-01,5.362673580724017924e-02
7.502420572916666686e+01,6.727455512152778283e+01,2.311946397569444400e+01,5.557531922972183125e-01,1.143077734363969755e-01
5.985963867187499687e+01,5.455612738715277743e+01,3.294866427951389198e+01,3.754082344354245926e-01,8.853178404862745154e-02
3.083762044270833158e+01,2.388143771701388829e+01,1.229875976562500028e+01,6.083884357391835529e-01,1.572321512326068649e-01
3.092685763888889028e+01,2.982867513020833172e+01,2.346000542534722300e+01,2.873154094849761919e-01,5.440633670510241354e-02
2.939437065972222385e+01,2.719384657118055415e+01,1.858984809027777629e+01,3.412241094666468855e-01,6.809408246999469616e-02
1.255385026041666663e+02,1.435881369357638846e+02,1.619572970920139028e+02,2.046333579960911975e-01,4.374106531588093510e-02
4.159425021701388658e+01,4.544260850694444542e+01,4.589116102430555344e+01,3.175421857413125992e-01,1.003328424501844507e-01
4.044331488715278056e+01,5.066057942708333428e+01,5.474551757812500341e+01,2.486270852647282925e-01,4.092790559330587025e-02
4.421176649305555628e+01,4.239014322916666799e+01,3.052515516493055614e+01,4.183802121292515275e-01,1.181615177835113883e-01
4.434500217013889056e+01,3.585767578125000199e+01,2.101768554687500057e+01,4.855190717938474565e-01,1.538480261068739807e-01
3.199442491319444315e+01,3.503500542534722229e+01,3.247303385416666544e+01,3.937779441374564260e-01,1.159153727649998300e-01
3.438907443576388800e+01,3.818137803819444542e+01,3.891125434027777885e+01,3.553997078947551680e-01,1.024446917231746218e-01
3.155382161458333456e+01,3.368636718749999659e+01,2.988781032986111086e+01,4.551284942639808317e-01,1.371049976153073391e-01
3.089750434027777715e+01,3.736681749131944485e+01,5.052995442708333229e+01,3.587524995634069347e-01,6.514567481837309215e-02
4.963377170138888772e+01,5.498947374131944343e+01,5.896732530381944315e+01,2.008128074948420105e-01,4.916469344054518603e-02
6.831967556423610688e+01,7.890112413194444230e+01,8.208984375000000000e+01,2.462693969323333232e-01,4.896367835317837203e-02
5.405820421006944798e+01,6.186854492187499943e+01,6.570250325520832746e+01,3.143922398854554490e-01,7.960466041487822275e-02
4.120197265624999972e+01,4.703235568576388914e+01,6.071355143229166629e+01,3.021743590923884337e-01,5.840549424078667062e-02
4.313496093749999716e+01,4.956753038194444372e+01,6.322846137152777857e+01,2.862911363103709528e-01,5.108166994693796870e-02
